image_name,x,y
000001d8_x0001.png,256,256
011884_KH.4.5_1_0001.png,268,250
012132_NY32-6_1_0001.png,271,252
014307_NY2_1_1_0001.png,260,254
014307_P9_9_1_0001.png,265,252
021705_cut_c1c_2_0001.png,265,253
022848_katm_20_1_2_0001.png,261,253
022848_katm_5_1_1_0001.png,267,251
028010_MP185_F6_3_A_1_0001.png,258,247
028011_sop6_f12d_1_0001.png,255,255
100019_2_001.png,256,259
1001_M2_B7_low.0001.png,264,252
100298_0_E2_001.png,254,259
100346_M1_B8_high.0001.png,269,250
100498_1_E2_001.png,257,259
100666_1_E2_001.png,254,259
100666_2_001.png,254,259
100676_1_E1_001.png,256,256
100744_1_001.png,254,256
100967_2_001.png,257,261
101320_1_E1_001.png,255,255
101320_2_001.png,255,255
101464_2_001.png,256,255
10175_2_001.png,255,257
10175_3_001.png,257,250
10181_1_001.png,256,256
10192_anneal_1_001.png,252,257
101937_1_E1_001.png,252,259
101937_2_001.png,252,261
101975_1_E2_001.png,257,259
10230_4_E1_001.png,256,255
10230_5_E2_001.png,254,257
10230_7_001.png,252,257
102352_1_E1_001.png,255,255
102352_2_001.png,255,255
102552_1_E2_001.png,254,261
102552_2_001.png,254,261
102581_1_E2_001.png,254,254
10270_1_E3_001.png,254,257
102992_1_001.png,255,255
10301_2_001.png,255,256
103051_1_E2_001.png,255,256
103409_1_E1_001.png,254,259
103543_1_001.png,257,259
103946_3_001.png,256,256
10401_1_001.png,256,255
104066_1_E2_001.png,256,256
104207_1_001.png,256,256
104883_1_001.png,256,256
104955_1_E1_001.png,254,254
105426_1_001.png,254,254
105471_4_001.png,256,256
105616_1_E1_001.png,254,254
105616_2_001.png,256,256
10562_M4_g1_3_data.0001.png,268,251
105648_1_E1_001.png,255,256
105648_2_001.png,255,255
105718_2_E1_001.png,255,255
105762_1_E2_001.png,256,255
105824_1_E2_001.png,255,255
105824_2_001.png,255,256
10584_4_001.png,257,254
106264_1_E2_001.png,255,255
106264_2_001.png,253,256
10641_3_E2_001.png,254,254
106568_1_E2_001.png,252,257
106730_1_E2_001.png,250,254
106817_1_E1_001.png,256,256
10690_1_E2_001.png,257,257
106933_1_E2_001.png,254,257
106933_2_001.png,254,257
106933_3_001.png,255,255
107059_1_E1_001.png,256,256
107066_1_E2_001.png,254,254
107112_1_001.png,254,260
107112_2_E2_001.png,254,260
107325_2_001.png,256,255
107366_1_E1_001.png,257,259
107516_1_E2_001.png,253,255
107586_1_001.png,255,255
107586_Zn_1_001.png,256,255
107623_1_E2_001.png,256,256
107632_2_001.png,256,255
107767_1_E2_001.png,256,255
107810_1_E1_001.png,256,256
108263_2_001.png,254,259
108276_1_001.png,259,259
108484_2_001.png,255,255
10849_1_E2_001.png,254,254
10863_2_E1_001.png,255,255
108765_1_001.png,257,259
108894_2_001.png,255,259
10911_3_001.png,256,256
109125_1_E2_001.png,257,257
109429_M2_G5_data.0001.png,263,250
109533_1_E2_001.png,254,259
109942_2_001.png,254,260
1100-6_B.png,255,256
11014_2_001.png,255,256
11014_3_001.png,254,255
11039_2_001.png,253,264
110519_1_E1_001.png,257,259
111270_M4_G11_data.0001.png,262,249
111501_1_E2_001.png,256,259
111705_M2_D4_data.0001.png,273,248
111733_M1_f6_data.0001.png,266,252
111735_IND_H8_data.0001.png,267,252
11188_4_001.png,256,255
111979_1_E2_001.png,255,259
111979_2_001.png,254,260
112290_1_E1_001.png,257,259
112290_2_001.png,257,259
112290_3_001.png,257,260
112306_1_E1_001.png,257,260
11258_1_001.png,254,257
11280_3_001.png,254,257
11280_6_E2_001.png,254,257
11280_8_E2_001.png,254,257
112971_1_E2_001.png,255,256
112971_2_001.png,256,255
113032_1_001.png,256,255
113062_1_E1_001.png,255,255
113120_1_E1_001.png,256,256
11319_1_001.png,254,254
113239_1_E1_001.png,256,256
113277_1_E2_001.png,257,254
113277_2_E1_001.png,254,254
113277_3_001.png,255,256
113488_1_E1_001.png,254,254
114053_1_E1_001.png,255,255
114053_2_001.png,252,252
114256_1_E1_001.png,254,254
114256_2_001.png,254,254
114310_1_E1_001.png,256,255
114340_1_E1_001.png,255,255
114340_2_001.png,255,255
114518_1_E2_001.png,256,256
114518_2_001.png,255,255
114_M2_A4_high.0001.png,269,252
11504_2_E1_001.png,255,264
11504_3_001.png,252,263
115274_2_001.png,257,259
115327_1_E2_001.png,256,255
115442_1_E1_001.png,255,255
115496_1_E1_001.png,257,259
115496_2_001.png,257,259
115674_2_001.png,259,259
115685_1_E2_001.png,257,257
115852_1_001.png,257,261
116578_1_001.png,257,259
116815_1_E1_001.png,257,261
116815_2_001.png,257,261
116938_1_001.png,254,259
117155_1_E2_001.png,254,261
117274_1_E1_001.png,257,259
117274_2_001.png,257,259
117317_1_E1_001.png,254,259
117317_2_001.png,254,259
117367_1_E1_001.png,257,259
117397_1_E1_001.png,265,259
117797_1_E2_001.png,254,259
11785_5_E1_001.png,256,256
11785_6_E2_001.png,255,256
117937_1_001.png,257,257
117956_2_E2_001.png,257,261
118040_1_E2_001.png,254,259
11820_2_001.png,255,256
118234_1_E2_001.png,254,261
118400_1_E2_001.png,255,255
118551_1_E1_001.png,254,261
119173_1_E2_001.png,257,259
11921_3_E3_001.png,255,256
11921_5_E1_001.png,255,257
119241_1_E2_001.png,256,256
11933_2_001.png,258,258
119347_1_E1_001.png,256,256
119689_1_001.png,256,256
119698_1_E1_001.png,255,255
119698_2_001.png,256,255
119761_1_E2_001.png,254,254
119761_2_001.png,256,256
119905_1_E1_001.png,256,256
11c10p1_3_E2_001.png,256,255
11c10p1_3_E3_001.png,256,255
11c12p3_1_E2_091.png,256,255
120358_1_E1_001.png,256,256
120427_1_E1_001.png,256,255
120448_1_E2_001.png,256,255
120448_2_001.png,256,256
120482_1_E1_001.png,255,256
12058_1_E3_001.png,255,256
120692_1_E2_001.png,256,255
120919_2_001.png,256,255
120919_4_E1_001.png,255,255
121017_2_001.png,255,256
121183_1_E1_001.png,255,255
121229_1_001.png,257,254
121474_1_001.png,254,254
121762_1_001.png,257,254
121774_1_E2_001.png,256,255
121786_1_E2_001.png,254,254
121974_1_E2_001.png,259,257
12217_1_E1_001.png,255,256
12217_2_001.png,255,256
122185_1_E1_001.png,256,256
122331_1_001.png,256,256
12283_3_001.png,251,265
122867_1_E2_001.png,257,259
122870_1_E1_001.png,257,259
122870_2_001.png,257,259
12287_1_E2_001.png,255,265
12316_3_E2_001.png,253,265
12316_3_E3_001.png,254,265
123222_1_001.png,257,259
123244_1_E1_001.png,257,259
123244_2_001.png,257,259
123353_1_E1_001.png,257,259
123353_2_001.png,257,259
123431_1_E2_001.png,257,260
123431_2_001.png,257,261
123595_2_001.png,257,259
123621_1_E1_001.png,257,261
124690_1_E1_001.png,257,259
1246_1_E2_001.png,253,264
1246HR_3_001.png,255,264
1246P_2_001.png,253,264
12488_101_001.png,254,257
125158_2_001.png,257,259
12525_4_E3_001.png,256,255
12525_5_E1_001.png,256,256
125499_1_E1_001.png,254,259
125525_1_E1_001.png,257,259
125543_1_E2_001.png,254,260
12562_4_E1_001.png,256,256
125749_1_001.png,257,259
125796_2_001.png,254,260
125796_3_E2_001.png,254,260
125907_1_E1_001.png,257,261
125998_1_E2_001.png,255,259
126079_1_E1_001.png,257,259
126176_1_E2_001.png,254,259
126298_1_E2_001.png,254,259
126486_1_E2_001.png,254,261
126486_2_001.png,255,261
126564_3_E2_001.png,254,259
126564_4_001.png,254,259
126867_1_001.png,257,259
127124_1_E2_001.png,257,260
127124_2_001.png,257,261
127290_1_E2_001.png,255,260
127427_1_E2_001.png,255,259
127503_1_E1_001.png,254,259
127535_1_E2_001.png,254,259
127801_2_001.png,254,259
127933_1_E2_001.png,254,259
12847_4_001.png,255,265
12847_5_001.png,253,265
1285_M4_C4_data.0001.png,268,248
12972_1_E2_001.png,256,254
12996_2_E2_001.png,257,257
12c21p2_1_001.png,255,257
12c21p2_4_001.png,256,255
13022_1_001.png,260,267
13055_1_001.png,261,267
13055_5_001.png,256,256
130568_2_001.png,254,254
130597_1_E1_001.png,257,254
130716_1_E1_001.png,257,254
130716_2_001.png,256,255
130763_1_E1_001.png,254,254
130763_2_001.png,254,254
13089_2_001.png,255,256
13089_3_E2_001.png,255,256
13120_1_E1_001.png,256,253
13120_2_E2_001.png,257,254
13120_3_001.png,257,254
131372_1_001.png,256,255
131435_1_E2_001.png,256,256
131780_2_0001.png,257,259
131821_1_E1_001.png,254,257
13185_2_E2_001.png,254,263
132092_2_00001.png,256,256
13219_1_E1_001.png,254,263
1325-capto-x1.0001.png,259,255
133057_1_E2_0001.png,256,256
133645_1_E1_00001.png,254,257
133645_1_E2_00001.png,254,257
133659_1_E1_001.png,254,255
133954_1_E2_0001.png,256,256
134041_1_E2_001.png,249,254
134075_1_E2_0001.png,257,257
134085_1_E1_0001.png,254,259
134276_1_0001.png,256,255
134318_1_E1_0001.png,256,256
134567_1_0001.png,255,256
134804_1_E2_0001.png,257,254
134804_2_0001.png,257,254
134818_1_E2_0001.png,256,255
134833_1_E1_0001.png,255,255
13498_1_E2_001.png,253,265
13517_3_E1_001.png,253,265
135212_1_0001.png,257,259
135427_3_0001.png,257,259
135560_2_0001.png,255,255
135560_3_0001.png,252,252
135840_1_E2_0001.png,255,256
135840_3_0001.png,253,255
135840_4_0001.png,256,256
136140_1_E1_0001.png,254,254
136442_1_E2_0001.png,255,255
136883_1_E2_001.png,255,255
136883_2_001.png,255,255
137144_1_E2_0001.png,254,259
137226_1_E1_0001.png,255,255
137302_1_E2_0001.png,255,256
137775_1_E1_0001.png,256,256
137969_1_E1_0001.png,256,256
138060_1_E2_0001.png,256,256
138148_1_E2_0001.png,256,256
13818_1_001.png,255,255
138499_1_E1_0001.png,252,252
138499_2_0001.png,252,252
138569_1_E2_0001.png,256,255
138569_2_0001.png,256,255
138595_1_E2_0001.png,252,257
138595_2_0001.png,254,257
138630_1_E1_0011.png,256,256
138791_1_0001.png,256,255
138853_1_E1_0001.png,256,256
139313_1_E1_0001.png,256,256
139473_1_E1_0001.png,254,254
1395_3_data.0001.png,268,250
139727_1_E2_0001.png,253,256
139747_1_0001.png,256,256
139798_1_E2_0001.png,256,256
139819_2_0001.png,256,255
13c50p1_1_001.png,256,255
13Feb15_n1_collect_0001.png,254,254
13Feb15_n1_collect_sweep2_0001.png,255,255
140569_1_E1_0001.png,255,256
140569_2_0001.png,255,256
140663_1_E1_0001.png,254,259
140722_1_E1_0001.png,254,259
140722_2_0001.png,254,259
141691_1_E2_00001.png,254,257
141691_2_00001.png,255,256
141784_1_0001.png,254,257
141921_1_E2_0001.png,254,259
141921_2_0001.png,257,259
142507_1_E1_0001.png,255,255
142507_2_0001.png,255,255
142525_1_E1_0001.png,257,258
142609_1_E2_0001.png,254,259
142609_2_0001.png,257,259
142756_1_E2_0001.png,257,259
142756_2_0001.png,257,259
143138_1_E1_0001.png,255,255
143230_1_E1_0001.png,257,259
143230_2_0001.png,257,259
143501_2_0001.png,257,259
143938_1_E2_0001.png,254,259
144187_1_E1_0001.png,257,259
144187_2_0001.png,254,260
144484_1_0001.png,255,255
144484_3_E1_0001.png,257,254
144591_1_E2_0001.png,255,256
144591_2_0001.png,255,255
144619_1_E1_0001.png,255,255
144619_2_0001.png,256,256
146092_1_0001.png,255,256
146092zn_1_E2_0001.png,256,256
146136_1_0001.png,257,261
146507_1_E1_0001.png,255,256
146826_2_0001.png,257,254
146832_2_0001.png,254,254
146947_1_E2_0001.png,256,256
147192_1_E2_0001.png,255,255
147192_2_0001.png,256,256
147306_1_0001.png,256,255
14775_2_E2_001.png,255,256
14775_3_001.png,255,256
14791_1_E2_001.png,255,256
14795_2_001.png,259,257
148367_2_0001.png,254,261
148396_1_E2_0001.png,258,259
14851_2_001.png,259,257
14867_2_E2_001.png,257,257
148814_2_0001.png,257,259
148872_1_E2_0001.png,256,256
149178_1_E1_0001.png,257,261
149187_1_E2_0001.png,257,261
149204_1_E2_0001.png,257,260
149284_1_E1_0001.png,257,259
149288_1_E2_0001.png,257,261
149539_1_E2_0001.png,256,256
149539_1_E3_0001.png,256,256
149915_2_0001.png,254,254
149934_1_0001.png,256,255
14c4p2_1_E1_001.png,256,255
15048_2_001.png,255,256
150702_1_E1_0001.png,254,259
1507_102_dropb3M2-29-gly-high.0001.png,265,250
150832_1_E2_0001.png,256,255
150853_1_E2_0001.png,256,256
150864_2_0001.png,256,255
150981_3_E1_0001.png,256,256
151192_1_E2_0001.png,254,254
151230_3_E1_0001.png,256,253
151434_2_0001.png,257,259
15154_1_E2_001.png,259,257
151666_1_E1_0001.png,254,259
15167_2_E2_001.png,257,257
151759_1_E1_00001.png,257,257
151759_1_E2_00001.png,257,257
151759_2_00001.png,257,257
151759_3_00001.png,255,256
151759_4_00001.png,257,257
152245_1_E1_0001.png,256,259
152274_1_E1_0001.png,257,259
152414_1_E1_0001.png,257,257
152454_1_E2_0001.png,256,259
152725_1_E1_0001.png,257,259
152803_1_E2_0001.png,254,259
152803_2_0001.png,254,259
152847_1_0001.png,259,259
153055_1_E2_0001.png,254,254
153147_1_E1_0001.png,255,256
153147_2_0001.png,254,256
153223_1_E1_0001.png,257,257
153348_1_E1_0001.png,256,256
153601_1_E2_0001.png,254,255
153709_1_E2_0001.png,256,256
153709_2_0001.png,255,255
153752_1_E1_0001.png,255,256
154138_1_E1_0001.png,256,256
154138_2_0001.png,256,256
15413_1_E1_001.png,257,257
154505_1_E1_0001.png,255,256
154505_2_0001.png,256,256
15453_1_001.png,257,257
154823_1_E2_0001.png,255,256
1548_M4_D3_data.0001.png,264,250
155043_1_E2_0001.png,256,255
155043_2_0001.png,255,256
15521_2_001.png,256,256
15533_1_E2_001.png,259,257
155471_1_0001.png,255,256
155626_1_E2_0001.png,256,256
155793_1_E2_0001.png,253,255
155793_2_0001.png,256,256
15625_1_E3_001.png,256,256
156406_1_E2_0001.png,256,258
15642_2_001.png,259,257
15642_3_001.png,255,256
156458_1_E1_0001.png,256,259
156851_1_E2_0001.png,255,258
156851_2_E1_0001.png,255,258
156933_1_E1_0001.png,257,259
156933_2_0001.png,256,258
156999_1_E2_0001.png,257,259
157217_1_E1_0001.png,256,258
157217_2_0001.png,257,259
157245_1_0001.png,256,258
157568_1_E2_0001.png,255,259
157568_2_0001.png,255,259
15758_1_E1_001.png,255,255
15758_2_001.png,256,255
15758_3_001.png,255,255
157727_1_0001.png,256,259
157762_1_E2_0001.png,254,259
15797_1_E2_001.png,252,261
158220_1_E1_00001.png,255,256
158220_1_E2_00001.png,256,256
159450_1_E2_0001.png,256,255
159473_1_E1_0001.png,256,255
159473_2_0001.png,255,255
159525_1_E2_0001.png,255,255
159525_2_E1_0001.png,255,255
15959_1_E1_001.png,254,254
159700_1_E2_0001.png,256,256
159700_2_0001.png,255,255
159752_1_E2_0001.png,255,255
159769_1_E2_0001.png,255,256
159769_2_0001.png,255,255
159769_3_0001.png,256,256
159940_1_E1_00001.png,254,254
159940_1_E2_00001.png,254,254
16-m2b3g-peak.0001.png,269,250
160507_1_E2_001.png,248,254
160596_1_E1_001.png,246,254
160722_1_E2_0001.png,256,257
160722_2_0001.png,256,257
161645_1_E2_001.png,256,255
162347_1_E2_001.png,256,255
162366_2_001.png,248,254
163108_1_E1_0001.png,256,258
163108_2_0001.png,256,258
163274_1_0001.png,257,257
163446_1_E2_0001.png,254,258
163446_2_0001.png,254,258
163636_1_E1_0361.png,255,258
163636_2_0361.png,255,258
16424_1_E2_001.png,257,254
16430_1_E1_001.png,257,254
16472_1_001.png,254,254
165065_1_E2_0001.png,254,257
165065_2_0001.png,254,257
165065_3_0001.png,254,257
165231_2_0001.png,256,257
165231_3_0001.png,254,257
165284_2_0001.png,252,257
165550_1_0001.png,256,258
165832_1_E1_0001.png,257,259
165956_1_E1_0001.png,255,258
165956_2_0001.png,255,258
166349_1_E1_0001.png,252,254
166551_1_E1_0001.png,251,254
166670_1_E2_0001.png,254,257
166946_1_E2_0001.png,256,258
167255_1_E1_0001.png,259,259
167516_1_E2_0001.png,257,259
167516_2_0001.png,257,259
167720_1_E2_0001.png,254,257
167778_2_0001.png,255,255
167991_1_E1_0001.png,255,255
168206_1_E1_0001.png,255,256
168220_1_E2_0001.png,255,256
168260_1_00001.png,255,256
168260_3_00001.png,256,256
16830_1_E1_001.png,256,256
168601_1_E2_0001.png,255,255
168639_1_0001.png,257,257
168670_1_E1_0001.png,256,258
168677_1_0001.png,255,255
168713_1_0361.png,257,257
169077_2_0001.png,255,255
169177_2_0001.png,255,255
169248_1_E1_0001.png,255,255
169248_2_0001.png,255,255
169360_1_0001.png,257,257
169745_1_E2_001.png,257,256
169745_2_001.png,257,256
169771_1_E1_001.png,256,256
169782_2_001.png,253,255
169874_1_001.png,255,256
169886_1_E2_001.png,255,256
16990_1_001.png,256,256
170415_1_E2_001.png,254,255
170415_2_001.png,256,256
170434_1_E2_001.png,252,255
170434_2_001.png,249,254
17059_1_E1_001.png,256,256
170800_3_001.png,251,254
17135_1_001.png,256,256
171391_1_E2_001.png,255,255
17141_1_E1_001.png,255,256
17190_2_001.png,256,256
171931_1_00001.png,255,256
171934_2_001.png,252,254
171934_3_001.png,254,255
172008_1_E2_001.png,250,254
172170_1_00001.png,256,256
172170_2_00001.png,256,256
172196_1_E2_00001.png,255,256
172196_2_00001.png,256,256
172196_3_00001.png,256,256
172990_1_E2_0001.png,257,257
173022_1_E1_0001.png,254,257
173022_2_0001.png,254,257
173195_2_00001.png,256,256
1732-m1d7g-peak.0001.png,262,252
173274_1_00001.png,256,256
173274_2_00001.png,255,256
17328_2_001.png,256,256
173580_1_0001.png,254,257
17386_1.png,252,271
17403_1_001.png,255,256
174308_2_00001.png,255,256
174333_2_00001.png,254,257
174571_1_E1_00001.png,254,259
174571_1_E2_00001.png,255,258
175120_1_E1_00001.png,257,257
175120_1_E2_00001.png,257,257
175120_2_00001.png,257,257
175484_1_00001.png,262,259
17548_1_E2_001.png,256,256
175921_1_E1_00001.png,254,257
175921_1_E2_00001.png,254,257
176318_1_E1_00001.png,255,256
176318_1_E2_00001.png,257,257
176318_2_00001.png,255,256
176779_1_E1_00001.png,255,256
176779_1_E2_00001.png,257,257
176779_2_00001.png,255,256
176844_1_00001.png,257,257
176844_2_00001.png,257,257
177797_1_E1_00001.png,255,256
177797_1_E2_00001.png,255,256
177797_2_E1_00001.png,255,256
177797_2_E2_00001.png,255,256
177797_3_00001.png,255,256
177823_1_00001.png,259,257
177916_1_00001.png,257,257
17820_2.png,254,272
178368_1_00001.png,255,256
17848_1.png,253,271
178832_1_00001.png,255,256
178973_1_00001.png,259,257
17908_1.png,252,271
179100_1_00001.png,254,257
179100_2_00001.png,255,258
179344_1_E1_00001.png,254,257
179344_1_E2_00001.png,254,257
179344_2_00001.png,254,257
179482_1_00001.png,255,256
179492_2_00001.png,257,257
179492_3_00001.png,255,256
179565_2_00001.png,252,257
17c10p4_2_E1_001.png,255,256
17c10p4_3_001.png,254,257
17c2p3_4_001.png,252,254
18058_2.png,254,266
18058_3.png,252,271
18058_4.png,255,257
18058_5.png,254,264
180723_1_00001.png,257,257
180831_2_00001.png,252,257
18095_1_E2_001.png,257,255
180999_1_E1_00001.png,254,257
180999_1_E2_00001.png,254,257
180999_2_00001.png,254,257
180999_3_E1_00001.png,254,257
180999_3_E2_00001.png,255,256
180999_4_00001.png,254,257
181388_1_E1_00001.png,255,258
181388_1_E2_00001.png,255,258
181388_2_00001.png,254,259
183556_1_00001.png,255,256
183667_1_E1_00001.png,255,256
183667_1_E2_00001.png,255,256
183667_2_00001.png,255,256
183754_2_00001.png,257,257
183844_1_E1_00001.png,255,256
183844_1_E2_00001.png,255,256
183844_2_00001.png,255,256
184206_1_00001.png,254,257
184274_1_00001.png,254,257
18547_1_001.png,256,256
185512_1_001.png,257,252
185538_1_001.png,260,253
185556_1_E2_001.png,260,251
185556_2_001.png,258,252
185601_1_E1_001.png,262,252
185723_1_E2_001.png,259,252
185723_2_001.png,259,251
18574_1_E1_001.png,254,265
18574_2_001.png,253,265
185801_1_E1_001.png,256,255
185801_3_E1_001.png,257,254
185823_2_001.png,256,255
185869_1_001.png,258,254
186408_2_00001.png,256,256
186527_2_E1_001.png,259,252
186573_102_E1_001.png,263,252
186573_2_E1_001.png,263,252
186591_2_E2_001.png,260,252
186724_2_E1_001.png,258,252
186728_2_E1_001.png,258,252
186871_1_E1_001.png,257,254
186871_2_001.png,256,254
186992_1_E1_001.png,257,254
187252_101_001.png,257,254
187252_1_001.png,259,254
187718_1_E1_001.png,256,254
187784_1_E2_001.png,258,254
187937_1_E1_001.png,258,254
188027_1_001.png,259,254
188066_1_E1_001.png,257,254
188360_1_E1_00001.png,256,256
188360_1_E2_00001.png,257,254
188547_1_E1_001.png,258,254
18914_2.png,254,257
18914_5.png,256,256
189596_1_E1_001.png,259,254
189682_1_E1_001.png,260,254
189682_2_001.png,259,254
189701_1_E2_001.png,258,253
189701_2_001.png,257,254
18c14p3_1_001.png,256,256
19051_1_E1_001.png,255,265
19051_2_E2_001.png,250,261
19057_1_E1_001.png,254,265
19058_1_E1_001.png,254,265
19058_2_E2_001.png,254,265
190798_1_00001.png,256,256
190819_1_E1_00001.png,257,257
190819_1_E2_00001.png,257,257
19092_1_E2_001.png,254,265
19100_2_001.png,255,264
191124_1_E1_00001.png,255,256
191124_1_E2_00001.png,257,257
191165_1_E2_00001.png,255,256
191165_2_00001.png,255,256
192464_1_E1_00001.png,255,256
192464_1_E2_00001.png,255,256
192523_1_00001.png,255,256
194184_1_E1_00001.png,257,257
194447_2_00001.png,256,256
19456_1_E2_001.png,256,255
19456_3_E2_001.png,255,256
19466_1_E1_001.png,255,256
194949_1_E1_00001.png,255,256
194949_1_E2_00001.png,255,256
195015_1_E1_00001.png,256,256
195015_1_E2_00001.png,256,256
195015_2_00001.png,256,256
195021_2_00001.png,255,256
195051_1_E1_00001.png,255,256
195051_1_E2_00001.png,255,256
195051_2_00001.png,256,256
195329_1_00001.png,256,256
195458_1_E1_00001.png,255,256
195458_1_E2_00001.png,255,256
195823_1_E1_00001.png,255,256
195823_1_E2_00001.png,255,256
196080_1_00001.png,254,254
196345_1_E2_00001.png,257,257
196345_2_00001.png,259,257
196379_1_E1_00001.png,254,254
196379_1_E2_00001.png,254,254
196603_1_E2_00001.png,257,254
196603_2_00001.png,257,254
196606_1_E1_00001.png,254,254
196606_1_E2_00001.png,254,254
196802_1_00001.png,254,254
197282_1_E1_00001.png,258,256
197282_1_E2_00001.png,257,256
197295_2_00001.png,256,256
197652_2_00001.png,259,257
198553_1_E1_00001.png,254,257
198553_1_E2_00001.png,254,257
198681_1_E1_00001.png,254,257
198681_1_E2_00001.png,257,257
198720_1_00001.png,256,257
198727_1_E1_00001.png,255,256
198727_1_E2_00001.png,257,254
199055_1_E2_001.png,248,238
199055_2_001.png,250,237
199073_1_E1_00001.png,257,257
199073_1_E2_00001.png,255,255
199091_1_E1_001.png,252,239
199091_2_001.png,252,239
199437_1_E2_001.png,250,238
199758_1_E2_001.png,254,246
1c2p1_1_001.png,256,255
200046_1_00001.png,257,257
200046_2_00001.png,257,257
200149_1_E1_00001.png,254,254
200149_1_E2_00001.png,254,254
200198_2_00001.png,257,254
200362_1_E1_00001.png,256,256
200362_1_E2_00001.png,255,255
200401_102_PLP_M2_H4_data2.0001.png,268,252
200402_105_PLP_M1_f1_data.0001.png,262,254
20044_2_E1.png,254,257
20044_3_E2.png,257,257
200640_1_E1_00001.png,262,257
200640_1_E2_00001.png,259,254
20077_1_E2_001.png,257,257
200822_1_00001.png,254,257
200893_1_E1_00001.png,254,254
200893_1_E2_00001.png,254,254
200958_2_00001.png,257,257
200993_2_00001.png,257,257
201069_1_E1_00001.png,257,257
201069_1_E2_00001.png,257,257
201470_1_E1_00001.png,255,256
201470_1_E2_00001.png,255,256
201544f9_0001.png,196,253
201927_1_E1_00001.png,257,257
201927_1_E2_00001.png,257,257
20247_1_001.png,252,261
202980_0_E1_00001.png,254,257
202980_0_E2_00001.png,254,257
202980_1_E2_00001.png,254,257
20370_1_E1_001.png,256,255
203781h1_1M_KI_y0001.png,254,252
204157b3_ax0001.png,253,253
204287g6_ax0001.png,251,253
204454d9_05-10mki_x0001.png,254,259
204563g1_x0001.png,202,253
204838_1_E1_00001.png,257,257
204838_1_E2_00001.png,257,257
204838_2_00001.png,257,257
205027_1_E1_00001.png,257,257
205027_1_E2_00001.png,257,257
205032_1_00001.png,253,258
205032_2_00001.png,252,257
205370d6_x0001.png,261,254
20594_1_001.png,257,255
205979_1_E1_00001.png,257,254
205979_1_E2_00001.png,256,256
206237_2_00001.png,257,257
206341b1_NaI_soak_x0361.png,253,254
206645h12_z0001.png,171,254
206692g7_Ba_x0001.png,247,234
206697_1_E1_00001.png,254,254
206697_1_E2_00001.png,256,256
20687_1_E1_001.png,257,257
20687_2_E2_001.png,255,256
207064_1_00001.png,257,259
207064_2_00001.png,257,257
207234a9_z0001.png,193,251
207747_1_E1_001.png,268,252
207747_2_001.png,264,251
2077_W_pyr2pk.0001.png,267,251
208434_1_00001.png,257,257
20886_2_001.png,255,255
209049_2_00001.png,255,255
20967_1_E1_001.png,256,255
209884_1_00001.png,255,255
209884_2_00001.png,256,255
210571_1_E1_00001.png,254,257
210571_1_E2_00001.png,254,257
210586_1_00001.png,257,257
211010_1_E1_00001.png,257,257
211010_1_E2_00001.png,257,257
211518_1_00001.png,255,256
211518_2_00001.png,255,256
211970_1_E2_00001.png,255,255
211970_2_00001.png,255,255
21204_1_E2_001.png,255,255
21298_2_001.png,256,255
215197f2_2_E1_0001.png,255,255
215574f10_x0001.png,256,254
215778c6_y0001.png,221,251
215949a5_a0201.png,306,245
21629_1_E1_001.png,257,257
21629_2_E2_001.png,256,256
216496e11_a0401.png,325,253
217001d11_x0001.png,223,253
217062a8b_x0010.png,223,251
217087d10_x0001.png,285,250
217183b6-amp_hires_0001.png,184,252
217291h3b_x0301.png,252,252
217343a5_bx0001.png,256,255
217599g11_x0001.png,254,254
217759b6_x0001.png,180,254
218438h2_y0001.png,255,256
218475d8_x0001.png,193,249
218726f2_x0001.png,323,253
219594b8_x0001.png,197,252
219733h12_x0001.png,200,252
21c10p2_1_E1_001.png,252,257
21c10p2_2_E2_001.png,252,258
21c10p2_4_001.png,256,255
21c1p1_1_E2_001.png,256,255
21c1p1_2_E1_001.png,255,256
2204_M2_E5_peak.0001.png,265,250
222975b2_x0001.png,325,252
22315_1_E2_001.png,256,255
22315_2_001.png,256,255
22317_1_E2_001.png,255,256
22317_2_001.png,255,256
22359_1_E1_001.png,254,257
22369_2_001.png,257,257
225749g7_y0001.png,196,253
225934h6_x0001.png,234,252
225985d11_x0001.png,253,253
226714c8_x0001.png,326,253
226935d6_x0001.png,254,254
227318b6_y0001.png,262,251
22755_1_E2_001.png,258,258
228044h10_x0001.png,285,251
22871_1_001.png,265,257
229338F10_x0001.png,256,256
230048a2_y0001.png,285,245
230508b11_z_0001.png,297,254
231245b4_x0001.png,299,253
231382a1_z0001.png,238,254
23153_1_E1_001.png,257,257
23183_1_E1_001.png,255,256
232847a8_x0001.png,325,252
232847a8_y0001.png,325,254
232983h5_x1001.png,264,252
233128a2_x0001.png,268,252
233334f6_x1001.png,325,254
234283b5_x0001.png,264,253
234284b5_y1001.png,325,253
235587d4_x0001.png,269,252
235_001.png,255,255
236774g7_x1001.png,251,251
236782g5_x1001.png,250,248
236958a4_hr_x0001.png,190,245
23c28p2_1_E1_001.png,257,254
23c28p2_2_001.png,255,255
24-d30-2.0001.png,278,250
24045_1_E2_001.png,254,257
24118_1_E1_001.png,254,257
24118_2_001.png,254,257
241574_001.png,250,259
244377g6_y0001.png,261,245
24438_1_001.png,257,257
24523_1_E1_001.png,257,257
24756_1_E1_001.png,256,256
24756_3_E1_001.png,254,257
24776_1_E1_001.png,254,257
24776_2_E2_001.png,254,257
24776_4_E1_001.png,253,256
24776_5_001.png,255,256
248067c1_x0001.png,263,254
248957d5_hr_aa0001.png,236,255
248957d5_hr_x0001.png,236,255
248957d5_hr_y0001.png,238,255
25011_1_E2_001.png,257,257
25011_2_E1_001.png,254,257
25076_1_E1_001.png,257,257
25076_2_E2_001.png,255,256
25129_1_001.png,256,256
253311d1_aa0001.png,262,253
253311d1_z0001.png,262,253
253513f5_x0001.png,262,251
253954a9_x0001.png,268,251
253960h9_hr_x0001.png,239,257
253960h9_hr_y0001.png,382,245
253960h9_x0001.png,264,245
253960h9_y0001.png,264,245
255936e1_high_x0001.png,422,257
255936e1_x0001.png,392,254
25602_1_E2_001.png,254,257
25662_1_E1_001.png,254,257
25710_1.png,257,252
257193a2_y0001.png,176,252
257345h12_z0001.png,326,253
257485c12_x0001.png,296,251
257491b7_z0001.png,197,256
257500d1_0001.png,265,253
257704f1_x0001.png,240,250
257764c5_y0001.png,259,250
257767b1_x0001.png,266,251
257996g11_x0001.png,326,253
258195e1_x0001.png,386,252
258195e1_y0001.png,386,252
259821a10_y0001.png,192,253
25c22p3_1_E2_001.png,256,255
2607_2_001.png,257,257
261062c8_z20001.png,197,255
26230_1_E2_001.png,256,256
26257_1_E1_001.png,255,256
26257_2_001.png,255,256
262682g4_y0100.png,251,253
262775a12_x0001.png,263,243
262775a12_z20001.png,260,260
26303_1_E2_001.png,256,256
263060b2_x0001.png,257,252
263060b2_y0001.png,257,243
263060g10_z0001.png,198,255
26313_2_001.png,257,259
26313_3_001.png,257,259
264490e5_x20001.png,167,253
264490e5_y20001.png,167,253
264490e5_z0001.png,167,257
265160h9_z0001.png,323,253
265800f4_xx0001.png,323,253
265800f4_yy0001.png,322,253
266003f3_x0001.png,354,254
266003f3_y0001.png,354,254
267315h1_x0001.png,257,249
267315h4_x0001.png,263,253
267395e2_z0001.png,390,252
267396e8_x0001.png,386,252
26800_1_001.png,257,257
269072d10_x0001.png,225,253
26958_2_001.png,257,257
26972_2_001.png,255,256
27006_1_E1_001.png,257,257
27025_1_E1_001.png,255,256
27025_2_001.png,255,256
27032_1_E2_001.png,254,257
27127_1_E2_001.png,254,257
2715_2_001.png,255,255
271705c8_x_0001.png,325,251
271TrpF_M4_C1_data.0001.png,268,249
27221_1_E1_001.png,257,257
27221_2_001.png,257,257
272533d12_scana_0001.png,228,252
27726_1_E1_001.png,255,256
27867_2_001.png,257,257
28056_17_E1_001.png,257,257
28086_17_E2_001.png,257,257
28097_17_E2_001.png,255,256
28143_18_001.png,257,257
28347_1_E1_001.png,256,256
28347_2_001.png,256,256
284201at_tip_x_0001.png,255,255
285574g2_aa_0001.png,383,250
285574g2_z_0001.png,383,250
285924g10_x0001.png,192,253
285924g10_y0001.png,192,253
285996c10_0001.png,241,243
286982c9_z_0001.png,161,257
290723a7_x_0001.png,320,254
290723a7_y_0001.png,319,254
29733_4_E2_001.png,255,256
29733_4_E3_001.png,255,256
29753_1_E1_001.png,256,255
29762_1_E2_001.png,257,257
29762_3_001.png,252,257
298_M1_H4_peak.0001.png,261,250
29928_1_E1_001.png,257,257
2997_2_001.png,255,256
2997_3_001.png,256,254
29pgc-pc-a11g.0001.png,268,251
30215_1_E2.png,256,256
30484_1_E1.png,257,259
30484_2.png,257,257
30589_1_E1.png,256,256
30615_1_E1.png,256,256
30723_1_E2.png,255,256
30913_1_E2.png,256,257
30918_2.png,256,256
31029_1_E2.png,257,257
31090_2.png,255,255
31113_1_E2_001.png,255,255
31277_1_E3_001.png,255,255
31827_2_001.png,256,255
31c69p3_1_001.png,255,256
32717_1_E1_001.png,256,255
32722_1_E2_001.png,256,255
32726_2_001.png,257,255
32736_1_E1_001.png,256,256
3332_2_001.png,262,254
33758_2_001.png,256,257
337_SubTrpf_misl_M2_A5_low.0001.png,259,255
33900_1_001.png,257,257
34325_1_E2_001.png,260,256
34325_2_001.png,267,256
34502_1_E1_001.png,255,255
34502_2_001.png,255,255
34560_1_E2_001.png,256,257
34562_1_E2_001.png,256,258
34601_1_E2.png,256,253
34601_2.png,256,254
34621_1_E2.png,257,254
34621_2.png,257,254
34670_1_E2.png,257,252
34691_2.png,256,254
34719_1_E1.png,256,253
34719_2.png,257,252
34856_1_E2_001.png,254,258
34856_2_001.png,254,260
3507_P_001.png,254,257
35256_2.png,255,253
35270_1_E2.png,257,254
35664_1_E1_001.png,257,258
35664_2_001.png,257,258
36121_1_E2_001.png,256,257
36121_2_001.png,256,257
36184_1_E2_001.png,256,257
36319_1_E1_001.png,256,257
36330_1_001.png,256,255
36580_1_E1_001.png,255,256
36626_1_E2_001.png,256,259
36632_1_E1_001.png,256,257
36656_1_E2_001.png,256,259
36658_1_E2_001.png,257,257
37043_1_E2_001.png,257,254
37043_2_001.png,257,254
37173_2_001.png,256,257
37235_1_E2_001.png,256,257
373-3.png,265,253
37523_1_E1_001.png,256,257
37581_1_E1_001.png,257,257
37842_1_E1_001.png,254,259
3787_1_E1_001.png,254,257
38347_1_E1_001.png,256,258
38434_1_E1_001.png,255,255
38434_2_001.png,255,255
38495_1_E1_001.png,255,257
38566_1_001.png,256,258
38657_1_E2_001.png,256,258
38674_1_E2_001.png,256,258
38702_1_E1_001.png,257,257
38702_2_001.png,257,257
3893_3_E1_001.png,255,258
39246_1_E2_001.png,255,257
39278_1_E1_001.png,256,257
39621_1_E2_001.png,256,257
3985_1_001.png,255,255
39863_1_E1_001.png,256,258
39863_2_E2_001.png,255,257
3c4p4_2_002.png,252,257
3ga7_stm490-2.png,256,256
3h0p_stm1194_n1_nat_2.png,257,255
4-m1g3g2-peak.0001.png,263,252
40028_1_E2_001.png,256,257
40245_1_E1_001.png,256,257
40464_1_E2_001.png,255,258
40464_2_001.png,256,257
40629_1_E1_001.png,259,259
40710_1_E1_001.png,259,257
41002_1_001.png,257,257
41487_1_E1_001.png,256,258
41487_2_001.png,258,258
41998_1_001.png,255,257
41c4p4_2_001.png,255,254
42386_1_E1_001.png,256,258
42703_1_E2_001.png,255,258
42703_2_001.png,255,258
43393_2_001.png,256,257
43620_1_E1_001.png,254,254
43942_2_001.png,256,258
44074_1_E1_001.png,254,252
44156_2_001.png,255,257
44283_1_E1_001.png,255,258
44338_1_E1_001.png,257,254
44338_3_E1_001.png,254,254
44338_4_001.png,254,254
44692_1_001.png,256,257
44931_1_E2_001.png,257,254
44931_2_001.png,257,254
45407_1_E2_001.png,257,254
45453_1_E2_001.png,257,257
46035_1_E2_001.png,257,254
46035_2_001.png,259,254
46367_1_E1_001.png,257,254
46502_1_E1_001.png,257,254
46896_1_E1_001.png,255,255
46896_2_001.png,257,257
46904_1_E1_001.png,257,254
47532_1_E2_001.png,256,257
47595_1_E2_001.png,255,256
47595_2_001.png,256,257
47717_1_E2_001.png,256,257
47717_2_E1_001.png,256,257
47739_1_E2_001.png,255,257
47812_1_E1_001.png,254,258
48017_1_E2_001.png,254,259
48017_2_001.png,257,259
48870_1_E2_001.png,255,258
48870_2_001.png,255,258
48960_2_001.png,257,260
49046_1_E2_001.png,254,260
49046_2_001.png,254,260
49157_1_E2_001.png,255,257
49157_2_001.png,255,256
49271_1_E1_001.png,259,259
49797_1_E2_001.png,257,259
49797_2_001.png,257,259
49893_1_E1_001.png,257,259
49919_2_001.png,259,259
49932_2_001.png,257,259
49967_1_E2_001.png,254,259
49967_2_001.png,254,259
50086_1_001.png,257,257
51247_1_E1_001.png,259,259
51451_1_E1_001.png,257,259
51451_2_001.png,257,259
51538_1_E1_001.png,254,259
51619_1_E2_001.png,256,257
52009_1_E2_001.png,254,257
52009_2_001.png,254,257
52025_1_E2_001.png,257,254
52052_1_E2_001.png,257,257
52052_3_001.png,259,257
52483_1_E1_001.png,257,254
52594_1_E1_001.png,257,254
53-a4-2-1-peak1.0001.png,265,252
53055_1_E2_001.png,257,254
53055_2_001.png,257,254
53059_1_E2_001.png,254,257
53059_2_001.png,254,254
53076_1_E2_001.png,254,254
53076_2_001.png,254,254
53083_1_001.png,257,257
53083_2_E1_001.png,257,255
53256_1_E2_001.png,255,255
53398_1_E2_001.png,257,257
54025_1_E1_001.png,256,257
54183_1_E2_001.png,256,257
54183_2_001.png,257,257
54314_2_001.png,255,255
54510_1_E2_001.png,255,257
54906_1_E1_001.png,256,256
55002_1_E1_001.png,255,256
55002_2_001.png,255,256
55006_1_E1_001.png,256,257
55006_2_001.png,256,257
55056_1_E1_001.png,255,255
55306_1_001.png,258,257
55315_1_E1_001.png,255,256
55315_2_001.png,255,256
55404_1_E2_001.png,256,257
55404_2_001.png,255,256
55408_1_E2_001.png,256,256
55408_2_001.png,256,257
56038_1_E2_001.png,255,255
56038_4_001.png,256,256
56112_1_E1_001.png,255,256
56112_2_001.png,255,256
56183_1_E2_001.png,255,255
56183_3_001.png,256,255
56355_1_001.png,255,255
56381_1_E2_001.png,257,257
56381_3_001.png,255,255
56883_2_001.png,257,379
57076_1_E1_001.png,255,256
57076_2_001.png,256,257
57133_1_E1_001.png,256,256
57133_2_001.png,255,255
57205_1_E1_001.png,255,256
57205_2_001.png,255,256
57307_1_E2_001.png,256,256
57375_1_E2_001.png,255,256
57526_1.png,252,245
57548_1_E2_001.png,255,256
58046_1.png,252,245
58118_2.png,255,253
58458_1_E1.png,257,245
58458_2.png,254,245
58652_1_E2.png,254,245
58652_2.png,254,245
58689_1_001.png,243,254
59460_1_E1_001.png,259,250
59460_3_E1_001.png,259,252
59519_1_E2_001.png,249,257
5995_3_001.png,255,257
60086_1_E2_001.png,246,254
60086_2_001.png,248,257
60114_1_E2_001.png,255,255
60211_1_E1_001.png,257,254
60211_2_001.png,256,254
60302_1_E1_001.png,252,257
60444_1_E2_001.png,249,257
60444_3_001.png,250,257
60479_1_E1_001.png,256,256
60576_1_E2_001.png,256,258
60576_2_001.png,258,258
6057_2_001.png,255,255
60587_1_E2_001.png,257,254
60620_1_E1_001.png,257,254
60620_3_E1_001.png,255,256
60655_1_E1_001.png,255,255
60763_1_E1_001.png,257,254
60897_2_001.png,256,255
61016_2_001.png,257,254
61229_1_E2_001.png,255,256
61258_1_E2_001.png,255,256
61303_1_E1_001.png,255,256
61535_1_E1_001.png,246,257
61537_1_E1_001.png,249,257
61537_3_E1_001.png,246,257
61643_1_E2_001.png,249,257
61817_1_E2_001.png,255,256
62235_1_E1_001.png,255,256
62235_2_001.png,254,256
62506_1_E2_001.png,255,256
62506_2_001.png,250,257
62581_1_001.png,255,256
62646_1_E2_001.png,243,257
62646_2_001.png,254,256
63506_1_E2.png,255,249
63506_2.png,254,249
63581_1_E2.png,254,249
63581_2.png,255,250
63667_1_E1.png,255,249
63720_1_E2.png,253,249
63766_1_E2.png,254,248
63791_1_E2.png,255,248
63791_2.png,253,249
64132_1_E1.png,254,248
64132_2.png,254,248
64132_3.png,254,250
64161_1_E2.png,257,250
64790_1_E1.png,253,249
64790_2.png,253,249
64991_1_E1.png,254,248
64991_2_E2.png,254,248
65408_1_E1.png,255,249
65408_2.png,254,249
65846_1_E1_001.png,257,254
66375_1_E1.png,253,249
6642_E1.png,255,256
66462_1_E1_001.png,256,257
66474_1_001.png,256,256
6684_1_E2.png,254,256
6684_2.png,254,256
66873_2_001.png,256,258
67156_1_E2_001.png,254,259
67156_2_001.png,257,259
67243_1_E2_001.png,255,256
67384_1_E2_001.png,255,255
68112_3_E1_001.png,256,257
68112_4_001.png,256,258
69423_1_E2_001.png,255,256
69423_4_001.png,256,256
69696_1_001.png,255,256
69730_1_001.png,257,257
70093_1_E1_001.png,255,256
70093_2_001.png,256,257
70568_1_E1_001.png,255,257
70568_1_E1_1000.png,255,256
70622_1_E1_001.png,256,256
70727_1_001.png,257,257
70941_1_E1_001.png,256,257
7162_3_001.png,256,253
72230_1_E1_001.png,255,256
72438_1_E2_001.png,256,255
7275_2_001.png,258,256
7275_3_001.png,264,257
7303_4_001.png,256,256
73086_1_E2_001.png,256,256
73340_1_E2_001.png,256,255
73340_2_001.png,256,255
73676_1_E1_001.png,256,256
73676_2_001.png,254,254
74295_2_001.png,256,256
74428_1_E2_001.png,255,255
74428_2_001.png,255,256
74661_1_E1_001.png,256,256
74875_1_E2_001.png,256,255
74945_1_E3_001.png,256,257
75004_1_E1_001.png,257,257
75526_1_001.png,255,256
75674_1_E2_001.png,256,255
75674_2_001.png,256,256
7612_1_001.png,256,256
76161_1_E1_001.png,255,255
76161_2_001.png,255,255
76429_2_001.png,255,255
7670_2_001.png,251,254
76975_2_001.png,256,255
77278_1_E1_001.png,255,255
77278_2_001.png,258,256
77321_1_E2_001.png,255,255
77741_1_E2_001.png,254,255
77848_1_E1_001.png,254,257
77848_2_001.png,256,256
778_M1_F4_low.0001.png,255,256
7797_1_001.png,265,258
79374_1_001.png,254,257
79774_1_E1_001.png,256,256
80110_1_E1_001.png,255,258
80804_1_E2_001.png,254,254
80884_1_E2_001.png,257,254
81155_1_E2_001.png,256,256
81155_3_E2_181.png,256,256
81258_2_001.png,256,256
81309_1_E2_001.png,257,257
81567_1_E2_001.png,255,256
81567_2_001.png,256,255
81605_1_E2_001.png,257,257
81605_2_001.png,257,257
81705_1_E1_001.png,257,259
81722_1_001.png,255,255
81762_1_E2_001.png,254,257
81762_2_001.png,255,256
81932_1_001.png,256,255
82007_2_E2_001.png,256,255
82007_3_001.png,256,255
82007_4_E1_001.png,255,256
82268_1_E2_001.png,254,259
82309_1_001.png,257,259
82750_1_001.png,257,259
82888_1_E2_001.png,254,259
82888_2_001.png,254,259
83131_1_E1_001.png,257,259
83131_2_001.png,257,259
83194_1_E1_001.png,257,259
83476_2_001.png,257,259
83548_1_E2_001.png,257,259
83548_2_001.png,257,259
84291_1_E1_001.png,255,256
84291_2_001.png,254,257
84338_1_E2_001.png,258,256
84354_3_E1_001.png,255,256
84354_4_001.png,255,256
84630_1_001.png,256,256
84630_2_E1_001.png,256,256
84799_1_E1_001.png,254,259
85341_2_001.png,257,259
85482_1_E1_001.png,257,259
85546_1_E1_001.png,257,259
85546_2_001.png,254,259
85557_1_001.png,254,260
85600_1_E1_001.png,257,259
85600_2_001.png,257,259
85644_1_E2_001.png,257,259
85916_4_001.png,257,260
8591_1_001.png,255,256
8591_4_001.png,255,256
86292_1_E1_001.png,255,256
86292_2_001.png,255,255
8646_1_001.png,259,256
86612_1_001.png,256,255
86688_1_001.png,257,259
86868_1_E2_001.png,257,259
86868_2_001.png,257,259
87869_1_E2_001.png,257,259
88089_1_E2_001.png,258,258
88267_1_001.png,257,259
88378_1_E1_001.png,255,255
88650_1_E1_001.png,257,254
88650_2_001.png,257,254
88760_1_E1_001.png,255,255
88760_2_001.png,255,255
88778_1_E2_001.png,256,256
88848_1_E2_001.png,255,256
88848_2_E1_001.png,256,255
8893_2_E2.png,254,254
8893_2_E3.png,254,254
8893_2_E4.png,254,254
89033_1_E1_001.png,257,254
89078_1_E2_001.png,255,255
89326_1_001.png,255,255
89520_1_E2_001.png,256,258
89622_1_E1_001.png,257,259
89622_2_001.png,256,258
89651_2_001.png,255,255
8989_1_001.png,254,264
89913_1_E1_001.png,254,257
89921_2_001.png,258,258
90308_1_E2_001.png,255,258
90308_2_001.png,254,259
90356_2_001.png,257,257
90419_3_001.png,259,254
90779_3_001.png,254,259
90907_1_E1_001.png,256,256
91049_1_E2_001.png,255,256
91082_1_E1_001.png,257,257
91082_2_001.png,257,257
91113_1_001.png,257,259
91121_1_E2_001.png,255,258
91121_2_001.png,254,259
91156_1_E2_001.png,254,259
91156_2_001.png,254,259
91286_1_E1_001.png,255,259
91286_2_001.png,254,260
91320_1_E2_001.png,254,259
91320_2_001.png,253,258
91597_2_001.png,253,258
91610_2_001.png,254,259
91629_1_E2_001.png,255,256
91667_1_E1_001.png,256,255
91667_2_001.png,256,255
9168_1_E2_001.png,250,261
91709_1_E1_001.png,256,255
9172_1_E1_001.png,253,264
91743_1_001.png,255,255
9177_1_001.png,255,264
9177_4_001.png,254,264
91965_2_001.png,259,254
92029_1_E1_001.png,258,256
92036_1_E2_001.png,256,255
92036_2_001.png,256,255
92225_1_E1_001.png,255,255
9258_1_E2_001.png,253,256
9258_2_001.png,250,259
92768_1_E2_001.png,256,255
93310_1_001.png,250,255
93315_1_E1_001.png,254,254
93328_1_E2_001.png,256,255
93328_2_E1_001.png,257,256
93347_1_E1_001.png,256,255
93357_1_E2_001.png,255,256
93357_2_001.png,255,256
93400_1_E2_001.png,255,255
93593_1_E1.png,259,259
93611_1_E1.png,258,259
93611_2_E2.png,259,259
93729_1_E2.png,255,256
93729_2_E1.png,256,258
93729_3_E2.png,259,259
93729_4_E1.png,256,259
94154_1_E1.png,260,258
94187_1.png,258,259
94235_1_E2.png,259,259
94284_1_E2.png,259,259
9439_1_001.png,256,256
94590_2_E2.png,257,258
94590_3_E1.png,256,258
95182_1_E2.png,257,259
95186_1_E1.png,258,259
95390_1_E1.png,261,259
95390_2_E2.png,258,258
95462_1_E2.png,259,259
95462_2_E1.png,259,259
95613_1_E2.png,260,258
95613_2_E1.png,258,258
95955_1_E1.png,257,259
95957_1_E2.png,257,259
9611_1_001.png,266,257
96193_1_E1.png,259,259
9629_2_001.png,255,265
9629_3_001.png,255,265
96384_1_E1.png,257,258
96452_1_E1.png,259,259
96456_1_E2.png,258,258
96456_2.png,257,258
96481_1.png,259,259
9664high_2_001.png,256,257
96698_1_E2.png,259,259
96698_2.png,257,257
96723_1_E2.png,258,258
96723_2_E1.png,258,258
96723_3_E2.png,258,259
96895_1_E2_001.png,254,259
96895_2_001.png,255,255
96990_1_E1.png,258,258
96990_2.png,256,257
97004_1_E1.png,259,259
97202_1_E1.png,258,259
97368_3.png,257,257
97429_1_E1.png,257,259
9766_E1_1.png,256,255
9766_E2_1.png,252,258
9766_E3_1.png,253,257
9774_E2_3.png,253,256
97893_1_E2_001.png,254,259
98036_1_E1_001.png,254,259
98036_2_001.png,254,259
98291_1_001.png,254,259
98291_2_E2_001.png,254,259
98291_3_E1_001.png,257,259
9850_3.png,254,254
9850_4.png,254,254
98553_1_E2_001.png,254,259
98553_2_001.png,254,259
9892_E2_1.png,254,255
9892_E3_1.png,252,252
99049_1_E1_001.png,255,255
99049_2_001.png,255,255
9969_1_E1_001.png,256,265
9969_4_001.png,255,265
9N_32.0001.png,256,255
9O_17.0001.png,255,255
A0751-183.png,273,248
A0751-278.png,256,256
a110-m4a3g.0001.png,264,252
a110-m4d10gly.0001.png,264,252
a1d2-2peak.0001.png,262,251
a1d5g3-peak.0001.png,263,252
a1e10no-peak.0001.png,261,254
a1g11c1-3peak.0001.png,257,255
a2c1-peak.0001.png,265,254
a2f11e-peak.0001.png,261,253
A6_1_1.png,258,256
aak7-1.png,259,258
AccoGentam_19June15_n6_collect_0001.png,257,258
ach0001_Tob4_3Apr12_collect_120mm_300sec_0001.png,258,259
act6-6_7_001.png,255,256
acy5-7_1_001.png,256,256
acy5-8_8_001.png,257,255
aik4-11_16_00001.png,256,256
aik4-15_16_00001.png,256,256
alt4-5.png,258,257
am2h3g.0001.png,270,251
AMg1HisAp_M2_D11_CdRP_data.0001.png,272,250
anomalous_IDP00577-5b.png,257,259
anomalous_IDP04293-1.png,255,256
ANT_7HTmethyl_xtal1_1_0001.png,255,259
AOG4-11_2_001.png,261,252
apc100707pk1.0001.png,267,251
apc103202b.png,270,250
apc103223d.png,269,249
apc103670c.png,258,253
apc103684b.png,269,250
apc110119g.png,256,256
apc110172.8a.png,270,250
APC234_Iy-102_1_0001.png,261,252
APC234_Iy-28_1_0001.png,259,253
APC234_Iy-4_1_0001.png,258,254
APC40666_crystal1_1_0001.png,272,254
apc4542_DNA24_B1_c2_1_0001.png,261,253
apc5771_se3_inf.0001.png,255,255
APC6354_Ih-87_1_0001.png,263,253
apo-m3c4.0001.png,262,239
AssviHisAp_PFAR_M2_G3_data.0001.png,268,249
atpnp-data-1.0001.png,267,250
auw1_16_1_001.png,256,254
auw1_3_1_001.png,255,256
awp3-4.png,256,256
B1_1_E2_0001.png,257,259
B27_ok1.png,255,255
b2q1-peak.0001.png,267,250
b3zn-far2-2.0001.png,265,252
B4_1_E2_0001.png,254,259
B63_ok2.png,256,255
B8_1_001.png,256,256
BAS4233_dGTPV8_5a.png,257,257
bbt8-3.png,263,254
bdu3-10lowres.png,256,257
bdu3-7.png,254,259
BetB22-b.png,257,255
bexo2_lowsalt_paratone_1_22Apr080001.png,254,255
bfw9-7.png,255,255
bjp_plate2-b3_1_001.png,256,255
bvu3-5.png,254,257
c1a-peak.0001.png,258,253
c1m_2_001.png,251,254
C5_2_001.png,256,255
c5p1_1_001.png,255,255
c6p3_1_361.png,252,259
c6p3_2_001.png,249,254
C8_2_2_00001.png,256,258
C8_6_8_00001.png,254,257
C8_6_9_00001.png,254,257
CAA0003_18Nov16_n5_collect_0001.png,258,257
CAA0034_collect_Dec13_2016_0401.png,258,257
CDI29_ProC_B8_peg_data2.0001.png,267,252
CdPiminC3eg.0001.png,262,238
cjs5-7.png,255,255
cps-044-3_1_001.png,258,253
cps-044-6_1_001.png,255,256
cps-044-7_1_001.png,261,252
cps0243-3_2.png,257,254
CPX200403_d2_M3_A7_data.0001.png,261,254
CUX9-4_1_001.png,257,255
CUX9-8_1_001.png,256,255
czx8-9.png,263,252
d30-amp-cd-m2b11-2.0001.png,266,249
d3_p9_103_001.png,255,256
d3_p9_1_001.png,255,256
dapapo-newx1-zn-hr.0001.png,257,255
data-1.0001.png,270,250
dataset.png,276,250
dcb11-16_1_001.png,261,253
dcb16_9_1_001.png,262,257
DCB19_6_1_001.png,258,253
dcb6-9_1_001.png,256,255
dcb6_7_1_001.png,257,257
decode-LTI_209b-position3_newcryo_07-15-200903.png,261,259
decode-LTI_209b-position3_newcryo_07-15-200905.png,261,259
djk5-2_1_001.png,261,252
dnj9-4.png,258,254
dzb0-7_4_001.png,256,255
dzb0-7_5_001.png,256,255
e3_2.0001.png,255,255
e6_9.0501.png,258,254
e6x_3.0701.png,261,255
ECH1071_collect_May24_2017_0001.png,259,257
ECK0725_hexanediol_Apr22_2016_0001.png,256,256
ecq0-5.png,257,256
efe0002_sad_0001.png,259,259
ejy2-10_1_001.png,261,252
ekd3-10.png,260,253
ekd3-3.png,263,252
ekw2_4_1_001.png,257,255
ENC0005_1_175_Dec7_2016_collect_0301.png,257,256
ENY1_1_1_001.png,255,256
eob8-7.png,256,255
epp4-1.png,257,256
ESA_ESA_m_5_1_0001.png,256,255
ESPG2_M1_B5_x3_data.0001.png,274,252
ESR0-7_1_001.png,259,253
etc1-2.png,258,258
F1967_0912_screen_0001.png,259,252
FADANL2D3gly1-peak.0001.png,262,255
FAJ3-2_1_001.png,254,254
fdi5-8.png,255,255
fhx0-10.png,254,250
fmc3-8.png,259,258
frv7-1_snap2.png,269,247
fsu3-9.png,257,256
fuw7-9.png,257,255
fxs-5-2_1_001.png,261,253
g5-1g-peak1.0001.png,269,250
ga-2_4_001.png,255,255
GBAA2526-1.png,259,253
gdy5-3.png,269,250
gdy5-4.png,270,250
gdy9-5_1_00001.png,257,254
ges3-5.png,257,256
ggh9_7_1_225.png,254,250
giy4-10.png,256,256
GW0004-1.png,260,254
GW0004_1_867-1.png,256,255
gw004-2b.png,261,259
gzd6-4.png,260,257
HBY5_8_1_001.png,256,256
HDAC6-x304_1_0001.png,253,247
HEuTCH2b1_6_000.png,254,256
hgl9-9.png,261,253
hnk3-3_1_00001.png,258,258
hok2-8.png,270,248
HsProlMut1_Mn_GP_pH69_nat_2_0001.png,259,255
HUW5-15_1_001.png,261,255
HXV-11_1_001.png,253,253
I5-29_t1.png,256,256
ia6su-peak.0001.png,259,256
ic11-2-peak3.0001.png,254,256
ic7-2su.0001.png,268,251
icw9-5.png,256,253
id2164-1_A.png,255,256
IDP00044_ButCoAKan2_1_0001.png,256,255
IDP00044_G5_C6_1_2_0001.png,258,255
idp00118-1_2.png,260,254
IDP00122_3cwc.0301.png,264,254
IDP00203_c200903_3_2_0001.png,256,253
idp00355c.png,259,254
idp00418_4PV4.0001.png,260,241
IDP00499_3IIE.0001.png,270,252
idp00629_3QJG.0301.png,261,254
IDP00698_ct1-1.png,255,255
idp00699a.png,244,256
IDP00739_katm_19_3_2_0001.png,267,252
idp00749_3PGY.0001.png,267,251
idp00766a.png,258,255
idp00816b.png,236,257
IDP00832_c200903_1_1_0001.png,265,251
IDP00909-1.png,259,254
idp00945.png,256,257
idp00968a.png,254,260
IDP01004_3g0s.png,254,255
IDP01038_3ghz.0401.png,268,254
IDP01048-1.png,253,262
IDP01133_crystal1_1_0001.png,266,250
idp01139_3Q6D.0001.png,267,254
IDP01143-2.png,256,258
idp01195b.png,259,254
IDP01300_3f0i.png,254,256
IDP01334_3egj.0001.png,260,254
IDP01334_3IV8.png,248,257
IDP01423POP_B.0001.png,271,253
IDP01439_H-E-2_19-id_1_0001.png,267,251
IDP01441-J-3-C.png,256,255
IDP01493-J-4-C.png,271,248
IDP01493_MN3-B3_1a_2_0001.png,257,241
IDP01610_3I1I.0001.png,263,254
idp01611-3_A.png,255,256
idp01616a.png,256,256
idp01616o.png,261,252
idp01616u.png,255,255
IDP01631-4.png,256,256
idp01634w.png,256,255
idp01656b.png,259,255
idp01705-n1_B.png,257,259
idp01739-2_B.png,254,260
IDP01765Acomp.0001.png,270,248
IDP01787-2_2_B.png,259,254
IDP01787-2_A.png,259,255
IDP01791_n1_1_0001.png,259,255
idp01793_3QDN.0001.png,258,253
idp01818a.png,265,251
idp01826k.png,255,255
idp01828f.png,257,255
idp01892a.png,257,259
idp01943-n1_B.png,255,256
IDP01948_It-103_1_0001.png,267,250
IDP02065-5_B.png,257,256
idp02082-n1_A.png,256,255
idp02095-2_B.png,255,256
IDP02154-1.png,271,249
IDP02237-3.png,255,256
idp02310-1_B.png,254,261
idp02329-10.png,255,260
idp02485.402sm-b.png,259,257
IDP02525_I12_4_1_0001.png,272,252
idp02531-1_A.png,261,254
idp02542b.png,261,254
IDP02616_3LHQ.0001.png,255,256
idp026381-3.png,254,260
IDP02729-1.png,257,260
IDP02729-1b.png,254,260
IDP02733_3M5P.0001.png,257,254
idp02733_3Q7I.0001.png,271,254
idp02733_3Q88.0001.png,261,255
idp02760-3_B.png,256,256
IDP04035-1.png,258,256
IDP04072-3.png,256,256
idp04176g.png,257,257
IDP04248-1.png,262,254
IDP04297-1_Se_B.png,259,257
IDP04320C.0001.png,269,252
idp04323-4.png,257,254
IDP04364_4FO4.0001.png,267,253
IDP04364_4QQ3.0001.png,271,250
idp04364_4x3z.0001.png,267,253
IDP04384-2.png,254,259
IDP04389-1b.png,270,249
IDP04461_ZD2_10_1_00002.png,255,256
IDP04689-2.png,258,255
IDP04689-3.png,258,256
idp04731a.png,257,255
idp05041a.png,255,255
IDP05108-4.png,261,254
IDP05113-2lr.png,256,255
idp05121.2sm-a.png,260,253
IDP05133_INa.0001.png,269,253
IDP05184Mut3_B.0001.png,259,254
IDP05245_4GVO.0001.png,269,251
IDP05257-3.png,260,254
IDP05262M3B3_PKa.0001.png,267,251
IDP05340-2.png,259,255
IDP05410-4.png,256,256
IDP05410-4b.png,256,256
IDP05410-4c.png,260,257
IDP05410-4d.png,256,256
IDP05451-2.png,260,255
idp05469.2a.png,263,259
idp05539_4E16.0501.png,268,251
IDP05583Cwell5_INa.0001.png,268,251
idp05674a.png,270,249
IDP05684CoA_PKa.0001.png,266,248
idp05686.2a.png,268,250
IDP05735-3.png,270,250
IDP06286-1.png,260,254
idp1131_N1_A.png,257,259
idp1254t.png,266,253
idp1318-C3-anl2-gly.0001.png,267,252
idp1659-3_B.png,261,257
idp1723-1_A.png,261,254
IDP1765_PK.0001.png,251,251
IDP1813_INF.0001.png,269,257
IDP1813_PK.0001.png,269,257
IDP2103B_PKa.0001.png,265,252
idp2451-n3_B.png,257,256
idp2781-3.png,256,256
idp5078.2a.png,255,255
IDP5148_2_PKa.0001.png,269,252
idp90163i.png,255,259
idp90277.a.png,259,258
idp90293b.png,256,256
idp90355-1.png,255,256
idp90515_3ULW.0001.png,260,255
idp90523_3Q10.0001.png,266,249
idp90549_3O6D.0002.png,267,252
IDP90557_J-2-3_1_0001.png,269,252
IDP90557_N3_1_0001.png,266,254
idp90570-n2_B.png,255,256
idp90574-3.png,257,254
idp90604_3Q0I.0001.png,257,255
idp90611b.png,259,254
idp90611e.png,255,256
idp90645_3TSN.0001.png,267,251
idp90657e.png,269,250
idp90669a.png,258,256
idp90682-n1_B.png,257,262
IDP90687-1.png,257,256
IDP90687-1b.png,257,256
IDP90718_3N4J.0301.png,268,254
IDP90718_3N4K.0001.png,265,255
idp90750b.png,255,255
idp90771d.png,255,256
idp90789-1.png,257,255
idp90790_3Q3W.0401.png,266,255
IDP90793B_PKa.0001.png,263,251
IDP90793E7_PKa.0001.png,272,250
idp90832_3R9U.0001.png,266,250
idp90922a.png,260,254
idp90922ad.png,254,260
IDP90996_PKa.0001.png,268,250
IDP91046-2b.png,257,257
idp91106d.png,257,259
idp91106m.png,256,255
idp91140d.png,261,254
idp91169c.png,259,254
idp91206a.png,259,254
IDP91216-1.png,258,255
idp91330sm-b.png,255,256
IDP91369-2.png,262,254
idp91375b.png,268,251
idp91458_4E6Y.0001.png,270,252
idp91505a.png,260,257
idp91538_4E4R.0301.png,266,252
IDP91546-1b.png,260,258
idp91753a.png,258,258
IDP91778-11anob.png,255,256
IDP91778-11b.png,258,255
IDP91778-6.png,270,248
IDP91778-6b.png,270,251
IDP91778-9.png,262,254
IDP91778-9anob.png,256,255
IDP91794-2.png,268,249
idp91829-ACP-IEX-pk5-c.png,271,250
IDP91871-1.png,255,255
IDP91947-1.png,258,258
IDP91947-1b.png,256,256
IDP91963-3.png,267,248
IDP91967-3b.png,269,247
IDP91988-2.png,256,256
idp92076a.png,259,256
idp92610a.png,263,255
IDP92786-2.png,255,255
IDP93953-3.png,256,255
idp951-2_A.png,257,255
idp95107-1sm-cut-a_1_2_1.png,256,255
idp95403-1.png,263,252
IDP95660-4.png,267,251
IDP95667-3_000001.png,256,256
IDP_ro_C6_2.0001.png,265,251
IEO-2_1_1_001.png,256,256
if7g-peak.0001.png,259,255
if9e-peak.0001.png,257,255
ijt8-1.png,266,250
image_x0001.png,320,253
imp-m3f8e.0001.png,270,251
imp-q21-ih5eg.0001.png,268,252
IMPPEGsIIC9gly-peak2.0001.png,256,255
INDA4sucr-peak.0001.png,265,251
INDE9gly-peak.0001.png,264,255
INDF7-gly1-peak.0001.png,256,255
inF3e-2.0001.png,263,252
ipt0-16_10.png,257,255
iqo4-7_A.png,260,257
irk0-1_1.png,257,256
ixr1-8.png,258,257
iyg6-15_11_001.png,255,255
izz8-4.png,261,253
ja1_2_001.png,245,257
JBL6-16_1_001.png,256,255
jbo5-14_4.png,255,256
jcp2-1.png,263,254
jcp2-9.png,256,256
jcsg3-g3ge-2.0001.png,259,248
jgp5-6b.png,258,257
JHI9-8_5_001.png,261,254
jmy3-4.png,270,249
jqg8-7_8_001.png,256,256
jra0-7.png,270,251
jra0-7b.png,266,251
jtp5-6.png,255,255
JY4010001.png,254,260
K16_ok2.png,257,255
k6_1_1.png,256,256
kam_16_4.png,257,256
kam_3_3_s2.png,256,258
kas6-2.png,256,256
kas6-4.png,255,255
katm_17_1.png,259,256
KDM4A-3.png,255,255
KDM4A_1.png,259,257
KDM4B_1s.png,257,256
kfr0-6.png,255,255
kgc9-3.png,257,250
KH12_2s1.png,266,251
KH7_4s.png,261,253
ktz2-6.png,262,252
kur4-4b.png,256,253
kur4-6.png,256,253
kyb3-5_3_001.png,254,253
kzo2-10.png,272,248
l-asp-m1c7eg-2.0001.png,263,253
l-asp-m1c7eg.0001.png,265,252
l4_u3.0001.png,262,251
LMO3000-N1_B.png,258,255
lmr5-1.png,256,256
lnk6-1.png,256,253
lowr.png,250,257
lpg1851_x10b_pk2.0001.png,270,249
LPG76_x18_high.0001.png,261,253
lwq9-7.png,257,256
lxk2-1.png,256,255
m1-a9e.0001.png,263,250
m1a11g.0001.png,254,255
m1b4eg2.0001.png,264,252
m1g1eg.0001.png,265,253
M1G2a.0001.png,266,251
m1h8eg.0001.png,265,251
m2c6g.0001.png,268,251
m2e11g-peak.0001.png,266,252
m3-g6-2.0001.png,269,250
m3c4no2.0001.png,269,252
m4d9g-1.0001.png,264,250
mccf_wizA4_ASAsoak_gly.0001.png,268,252
mcr7-1_1_001.png,256,256
MEMMCSG4F9eg-peak.0001.png,271,250
meu8-4.png,263,252
Mg1_HisAp_M1_H7_low.0001.png,259,252
mGTPM4G2gly-peak.0001.png,269,250
Miko1-2_s.png,255,255
Miko26-5_s.png,255,255
mj67_d10a.png,259,254
mj67_d10ab.png,267,251
mjo7_11_1_001.png,263,252
mly7-11_1_001.png,261,252
mly7-8_1_001.png,261,252
mnm_e_jcsg_e1_ki_ax0801.png,256,255
Mtb_trp_addG1_eg_Ser_data_00000.png,264,257
mvo0-5.png,260,253
mvx8-1.png,257,256
mvx8-9.png,261,257
n4_4.0001.png,259,242
n9l3v4_7_1_001.png,255,254
NAD-srC1suc.0001.png,265,254
NADPINDG2gly.0001.png,272,250
ngm5-1_001.png,251,256
nib9-12_1_001.png,261,253
NiPiminD1.0001.png,269,251
nlk7-1.png,257,252
non-anomalous_IDP00335-1b.png,257,257
non-anomalous_IDP00577-4b.png,255,256
nui1-5_1_001.png,261,253
nui1-7_1_001.png,260,253
ny-znac-m3g6-2.0001.png,267,251
NY19_2set8.png,269,249
NY28_10set3.png,268,248
NY_2_1_ok1.png,256,256
nys3_b3a.png,256,255
o0_b6.0001.png,266,253
o2_b21.0001.png,272,252
O8K746-13_7_001.png,254,257
o9_4.0001.png,270,252
obr5-7.png,268,251
omx7-10.png,257,250
ood3-11_4_001.png,254,254
opk4-15_1_00001.png,254,240
opt-i56c1-peak.0001.png,263,252
oth0479_1_low.0001.png,264,251
OTH0608-2.png,257,256
otj5-3.png,260,253
out0-7.png,255,255
oxi7-1_real.png,271,247
ozx5-6_high.png,260,257
p1_1_E2_001.png,255,264
p1_2_001.png,252,257
p1_3_001.png,252,254
p3_f1.0001.png,266,252
p46p2_1_001.png,256,255
p4_1_E2_001.png,255,257
p4_2_001.png,256,255
p8_c11_00001.png,257,256
PC05870B_19_7_1_001.png,268,255
pdx4-1b.png,266,252
peak-1.0002.png,268,252
peak-2.0001.png,264,253
PegH10-G1P-xtal3.0001.png,264,252
pfb1-6.png,271,248
Phen1.png,254,261
phi180_0001.png,256,260
Pin15_1_001.png,255,256
pip-c9ge-1peak.0001.png,265,249
pk_sel1-peak1.png,252,255
plt0-10.png,272,249
por2-10.png,257,256
ppm3D3-peak.0001.png,258,254
Prol_Mut4_Mn_GP_nat_1_00001.png,259,254
ProlMut2_Mn_GP_Nat_1_00001.png,259,254
ProlMut5_MnGP_Nat_1_00001.png,261,255
ProlWT_Mn_Pro100_pk_2_00001.png,255,255
ProlWT_Mut0_HR_1_00001.png,256,255
ProlWT_Mut0_nat_3_00001.png,258,254
prv7-6.png,255,255
psp-pi-g8g2.png,256,255
puck-031-16_16_001.png,256,255
Puck10-2.png,261,257
puck32-10_lr_2_001.png,253,253
puck34-2_13.png,256,256
puck38-14_1_001.png,255,256
py405r1.0001.png,272,250
PY4_setdb1_2_screen_0001.png,263,252
pzu9-6_1_001.png,261,253
qdq9-9.png,258,254
qjz3-1.png,260,258
qnf2-9.png,259,255
qoj5-1.png,257,257
qta2-7.png,255,255
qub4-1_1_001.png,255,255
quk9-15_4_00001.png,256,256
r1-2_1_1_001.png,254,257
remo.png,254,256
ren0-2.png,255,255
rfy5_12_1_001.png,258,257
rgd7-9.png,257,256
rgo9-7.png,269,252
rhamnosemix4-d.png,259,257
rhamnosemix_1_a.png,258,255
rhw0-7.png,255,255
rjo4-1.png,263,251
rkr2_4_1_001.png,255,256
rmz1-14_1_001.png,258,255
roi5-1.png,257,256
roi5-4_lowres.png,257,256
rpc6-6.png,256,256
rqr4-6.png,262,252
rrn3-1.png,267,249
RutC_C19.png,259,254
rutr-e.png,273,249
rux3-7.png,257,256
rux3-9.png,255,255
rvz3-2.png,258,258
rzw4_1_3_7.png,262,253
SA2904-N4_B.png,256,256
sacol_1320-2.png,258,256
sacol_1320-2infl_B.png,259,257
sacol_1320-2pk_A.png,258,255
sal9_p11_1_001.png,253,254
sam-pic12-peak.0001.png,265,254
sbc1-4_1_001.png,255,256
sbq8-1.png,261,256
sd6_1_001.png,244,256
sd6_4_001.png,254,256
set1_0001.png,255,255
sm4c12-1peak1.0001.png,258,252
sm4g12ge2.0001.png,270,252
sMAT_Eth_6.png,255,255
sMAT_Met01.png,258,257
spine7_7test.png,256,252
STAH0001-1_B.png,258,255
stm3982-2_A.png,260,254
stm578-1_1_2_A.png,261,254
stm595-3_B.png,260,254
STR0003-1.png,255,255
syg9-1.png,258,253
T1023_3_001.png,256,255
T1023_6_001.png,256,255
T1266_1_001.png,257,252
T1570_1_1000.png,256,255
T1588-822_101_E1_001.png,252,257
T1588-822_102_E2_001.png,254,257
T1588-822_1_E3_001.png,254,257
T169_1_E1_001.png,254,257
T1823_1_E1_001.png,252,254
T1823_4_001.png,248,254
T1852_1_E1_001.png,252,254
T1855_4_001.png,256,256
T1855_5_001.png,255,256
T1978low_001.png,262,254
T2091_E1_1_001.png,257,254
T2091_E2_1_001.png,257,254
T2091_E3_1_001.png,257,254
T2265_1_001.png,255,258
T2399_1_001.png,253,265
T2664_PeakH_1.png,252,256
T2869_1_E3_001.png,252,254
T2972_1_E2_001.png,257,254
T2972_2_001.png,254,254
T2972_3_001.png,255,255
T2998a_2_E1_001.png,253,256
T3017_1_E1_001.png,254,257
T3017_5_001.png,254,257
T3337_2_001.png,256,253
T3527_1_E3_001.png,253,265
T3695_2_E1_001.png,252,260
T3702_1_E3_001.png,254,260
T3996_3_001.png,256,256
T3B2X3_1_00001.png,257,257
T4011_1_E2_001.png,257,257
ter3-3.png,258,255
test_4_001.png,256,255
tgj8-9a.png,260,257
TgOAT-c-a5_1_3_7.png,258,255
TgOAT-c11-a_1_3_10.png,260,254
TgOAT-oxy-con-105-c_1_3_10.png,255,255
THY28_DNA.0001.png,259,255
TK-1-H2-x1-low.0001.png,265,254
tk-xf12-soak-ca-2.0001.png,256,255
TK2-E4-x1.0001.png,270,254
tkx9-1.png,258,256
tlg6_11_1_001.png,255,256
tlg6_3_1_001.png,255,256
tlg6_6_1_001.png,254,257
tlg6_9_1_001.png,256,255
tm0875_8p44_1_E2_001.png,256,256
tm1347_mpd_1_001.png,258,255
TM1782B4_103_001.png,256,255
TM1782B4_2_001.png,255,255
TM1782B4_4_E1_001.png,254,255
tstm2268_nat1.png,254,261
TUC-8_4_1_001.png,261,252
tyra_heme9_3_001.png,256,256
u0_b2.0001.png,262,254
u1_01.0001.png,263,254
u1_s4.0001.png,260,230
u1_t3.0001.png,261,229
ucd10a.png,260,257
UFB4_3.png,258,254
uft3-4_collect.png,258,255
ujc0_1_1_001.png,261,252
unk-6a.png,257,255
unknown-4a.png,256,259
unq2-8_6_00001.png,256,256
uqd2-1.png,256,256
uqf3-6.png,255,255
urac-ps2e5g-peak.0001.png,270,254
uuo1-8_1_001.png,256,256
UVH3-3set.png,270,251
va-3-3_f.png,269,249
VLP-8-7_1_001.png,262,253
VLP-8-8_1_001.png,259,254
vmh0-9.png,257,256
vmk5_10_1_001.png,261,252
vmk5_12_1_001.png,255,256
vmk5_1_1_001.png,255,256
vmk5_7_1_001.png,261,252
vmq0-6_001.png,249,257
vnb7-4.png,257,255
well-3-succinic_acid-low.0001.png,263,254
wih10su2-peak1.0001.png,262,255
wjm1-6.png,257,256
WKY6_11_1_001.png,255,256
WKY6_14_1_001.png,263,252
wmo4-1.png,255,255
wqa0-1_S.png,264,252
wst7-6.png,259,259
WTT6-9_1_001.png,254,256
x1-high.0001.png,267,249
x1-high2.0001.png,267,251
x1.0001.png,268,250
x1_pk_1_001.png,256,256
x1_rm_1_001.png,257,255
x239095.0001.png,262,254
x249641.0001.png,268,251
x249641_2.0001.png,271,250
x257392_real_00001.png,256,256
x3-sad.0001.png,277,252
x4m-pk-plus.0001.png,263,241
x_lp_data.0001.png,267,251
xAs1.0221.png,264,254
xBs1.0001.png,264,252
xBs1m.0001.png,257,255
xBs2m.0001.png,261,252
xck3-10.png,257,255
xCs1_00000.png,264,257
xEs1_00000.png,268,257
xgy3-11_2_001.png,253,253
xh7.0001.png,269,252
xhs1-4.png,254,252
xnk3-1.png,258,253
xtal-1.0001.png,261,255
xtal-C7-eg.0001.png,254,256
xtal1_addF5.0001.png,267,252
xtal1rot.0001.png,268,252
xtal4-peg2-4c-x1.0001.png,269,254
xtal7_data.0001.png,267,253
xtal8.png,258,255
xtal_4_scan_D2_low.0001.png,264,252
xtw7-7.png,257,256
XV1_STAM0001_40001.png,255,246
xwx3-10.png,255,255
xwx3-6.png,257,257
xwx3-7.png,255,255
xy102_peak.0001.png,270,254
XZ2_set.png,264,254
ybn6_7_1_001.png,256,255
yis5-4_6_001.png,255,255
ymq0-4.png,260,254
yum7-6.png,260,257
yup6-2_13_001.png,255,253
yve3-3.png,254,251
Z28928862nat2_13Jul16_collect_0001.png,257,256
zbq6-1_6_00001.png,259,258
zfd5-9.png,257,257
ztg0-3_2_001.png,255,255
zty0-8b.png,264,253
zxp4-9.png,257,256
