135840_4_0001,0,1,0,1,0,0,0
159769_2_0001,0,1,0,0,0,0,0
94590_2_E2,1,1,0,0,0,0,0
a1g11c1-3peak.0001,0,1,1,0,0,0,0
165065_2_0001,1,1,1,0,0,0,0
T1266_1_001,0,1,1,1,0,0,0
idp04731a,0,1,0,1,0,0,0
65846_1_E1_001,1,1,0,0,0,0,0
215949a5_a0201,0,1,1,1,0,0,0
196603_2_00001,0,0,1,0,0,0,0
54183_1_E2_001,1,1,1,0,0,0,0
m2e11g-peak.0001,0,1,0,0,0,0,0
154138_2_0001,1,1,1,0,0,0,0
60086_2_001,1,0,0,0,0,0,0
TM1782B4_103_001,0,1,0,1,1,0,0
a110-m4d10gly.0001,0,1,1,0,0,0,0
gdy9-5_1_00001,0,1,0,1,0,0,0
165231_2_0001,0,0,1,0,1,0,0
idp01616u,0,1,0,1,0,0,0
105426_1_001,0,1,0,0,0,0,0
108894_2_001,0,0,0,0,0,0,0
IDP00739_katm_19_3_2_0001,1,1,1,0,0,0,0
152414_1_E1_0001,1,1,1,0,0,0,0
55006_2_001,1,1,0,0,0,0,0
70727_1_001,1,1,1,0,0,0,0
IDP01439_H-E-2_19-id_1_0001,0,0,1,0,0,0,0
kfr0-6,0,1,0,0,0,0,0
mGTPM4G2gly-peak.0001,0,1,0,1,0,0,0
205032_2_00001,0,1,1,0,1,0,0
163446_1_E2_0001,0,1,0,0,0,0,0
19456_1_E2_001,0,1,0,0,0,0,0
ges3-5,0,1,0,0,0,0,0
14795_2_001,1,0,1,0,0,0,0
61303_1_E1_001,0,1,0,0,0,0,0
74875_1_E2_001,1,1,0,1,0,0,0
022848_katm_5_1_1_0001,0,1,1,0,0,0,0
CPX200403_d2_M3_A7_data.0001,0,1,0,0,0,0,0
13089_2_001,0,0,0,0,0,0,0
120919_4_E1_001,1,1,1,0,0,0,0
44338_3_E1_001,1,0,0,0,0,0,0
83548_2_001,1,0,1,0,0,0,0
200149_1_E2_00001,1,1,1,0,0,0,0
wjm1-6,0,1,0,0,0,0,0
pfb1-6,1,1,1,0,0,0,0
C5_2_001,1,1,0,0,0,0,0
55006_1_E1_001,1,1,1,0,0,0,0
89622_2_001,1,1,1,0,0,0,0
151666_1_E1_0001,1,0,1,0,0,0,0
103543_1_001,1,0,0,0,0,0,0
56112_2_001,1,1,1,0,0,0,0
WKY6_14_1_001,0,1,1,0,0,0,0
IDP2103B_PKa.0001,0,0,1,0,0,0,0
195823_1_E1_00001,0,0,1,0,0,0,0
85600_2_001,1,0,1,0,0,0,0
IDP91963-3,0,1,1,0,0,0,0
2607_2_001,1,1,1,0,0,0,0
168677_1_0001,1,0,0,0,0,1,0
27127_1_E2_001,1,0,1,0,0,0,0
146136_1_0001,1,1,1,1,0,0,0
236782g5_x1001,1,1,1,1,0,0,0
153055_1_E2_0001,1,1,1,0,0,0,0
156933_2_0001,0,0,0,0,0,0,0
ekw2_4_1_001,0,1,0,0,0,0,0
61817_1_E2_001,0,1,0,0,0,0,0
201069_1_E2_00001,1,1,1,0,0,0,0
p4_1_E2_001,0,1,0,0,0,0,0
143230_1_E1_0001,1,1,1,0,0,0,0
82007_3_001,1,1,0,0,0,0,0
47717_2_E1_001,0,1,1,0,0,0,0
196606_1_E2_00001,1,1,1,0,0,0,0
tk-xf12-soak-ca-2.0001,0,1,0,0,0,0,0
200362_1_E1_00001,0,1,0,0,0,0,0
55315_2_001,0,0,0,0,0,1,0
rqr4-6,0,1,0,0,0,0,0
154505_2_0001,1,1,1,0,0,0,0
95390_2_E2,1,1,0,0,0,0,0
100744_1_001,1,1,1,0,0,0,0
158220_1_E2_00001,0,0,1,0,0,1,0
38495_1_E1_001,1,1,0,0,0,0,0
cjs5-7,0,1,0,0,0,0,0
60114_1_E2_001,1,1,0,0,0,0,0
84291_2_001,1,1,1,0,0,0,0
123222_1_001,1,0,1,0,0,0,0
T2091_E1_1_001,0,0,1,0,0,0,0
83476_2_001,0,0,1,0,0,0,0
57133_1_E1_001,1,1,1,0,0,0,0
121762_1_001,1,1,1,0,0,0,0
5995_3_001,0,0,1,0,0,1,0
142507_1_E1_0001,0,1,1,0,0,0,0
56381_3_001,0,0,1,1,0,0,0
159473_1_E1_0001,0,1,1,0,0,0,0
91320_2_001,1,0,0,0,0,0,0
CdPiminC3eg.0001,0,1,1,0,0,0,0
176318_1_E1_00001,0,1,1,0,0,0,0
JBL6-16_1_001,1,0,1,0,0,0,0
99049_2_001,0,0,1,0,0,0,0
95462_2_E1,1,1,0,0,0,1,0
198553_1_E2_00001,1,1,1,0,0,0,0
14775_3_001,0,1,0,0,0,0,0
218475d8_x0001,0,1,1,0,0,0,0
XV1_STAM0001_40001,0,0,1,0,0,0,0
56038_4_001,0,0,0,1,0,1,0
l-asp-m1c7eg-2.0001,0,1,1,0,0,0,0
267315h4_x0001,1,1,1,0,0,0,0
116815_2_001,0,1,1,1,0,0,0
10230_7_001,0,0,0,0,0,0,0
34560_1_E2_001,0,1,1,0,0,0,0
151434_2_0001,0,0,1,1,0,0,0
111735_IND_H8_data.0001,0,0,0,0,0,1,0
119689_1_001,1,1,1,0,0,0,0
146832_2_0001,0,1,1,1,0,0,0
175484_1_00001,1,1,1,0,1,0,0
119173_1_E2_001,0,1,1,0,0,0,0
86292_2_001,0,0,0,1,0,1,0
70622_1_E1_001,1,1,1,0,0,0,0
PC05870B_19_7_1_001,1,1,0,0,0,0,0
kas6-4,0,1,0,1,0,0,0
idp90611b,0,0,0,1,0,1,0
idp01139_3Q6D.0001,0,1,0,1,0,0,0
11039_2_001,0,0,0,0,0,0,0
49157_2_001,1,1,1,0,0,0,0
9664low_3_001,0,0,0,0,0,0,0
25602_1_E2_001,1,1,1,0,0,0,0
107623_1_E2_001,0,1,1,0,0,0,0
13055_5_001,0,0,0,0,0,0,0
3h0p_stm1194_n1_nat_2,0,1,0,0,0,1,0
183754_2_00001,1,1,1,0,1,0,0
efe0002_sad_0001,0,1,1,0,0,0,0
48870_2_001,1,1,1,0,0,0,0
rux3-9,0,1,0,0,0,0,0
49967_2_001,0,1,0,1,0,0,0
HDAC6-x304_1_0001,0,0,1,0,0,0,0
144619_2_0001,1,1,1,0,0,0,0
174308_2_00001,1,0,1,0,0,0,0
IDP02729-1b,0,1,0,1,0,0,0
52483_1_E1_001,0,0,1,1,0,0,0
ybn6_7_1_001,0,1,0,0,0,0,0
156933_1_E1_0001,1,1,1,0,0,0,0
89326_1_001,0,1,1,0,0,0,0
lpg1851_x10b_pk2.0001,1,0,1,1,0,1,0
255936e1_high_x0001,0,0,1,0,1,1,0
107586_Zn_1_001,1,1,1,0,0,0,0
IDP02237-3,0,0,0,1,0,0,0
134075_1_E2_0001,0,1,1,0,0,0,0
11188_4_001,1,0,1,0,0,1,0
sm4g12ge2.0001,0,1,0,0,0,0,0
60576_2_001,1,1,0,0,0,1,1
4-m1g3g2-peak.0001,0,1,0,1,0,0,0
29762_3_001,1,1,1,0,0,1,0
9258_1_E2_001,0,1,0,0,0,0,0
225985d11_x0001,1,1,1,0,0,0,0
82268_1_E2_001,1,1,1,0,0,0,0
175921_1_E2_00001,1,0,1,0,0,0,0
25076_2_E2_001,1,1,0,0,0,0,0
UVH3-3set,0,0,0,1,0,0,0
64161_1_E2,1,0,0,1,0,1,0
217759b6_x0001,0,0,0,0,0,1,0
19057_1_E1_001,0,1,0,1,0,0,0
23183_1_E1_001,1,1,1,0,0,0,0
ENC0005_1_175_Dec7_2016_collect_0301,0,1,1,0,0,0,0
206697_1_E1_00001,0,1,1,0,0,0,0
sbq8-1,0,1,0,0,0,0,0
d3_p9_103_001,0,0,0,0,0,0,0
PY4_setdb1_2_screen_0001,0,0,1,0,1,0,0
13120_1_E1_001,0,1,1,0,0,0,0
T3527_1_E3_001,0,1,0,1,0,0,0
1732-m1d7g-peak.0001,0,1,1,0,0,0,0
62581_1_001,1,1,1,0,0,0,0
u1_t3.0001,1,0,1,0,0,0,0
90779_3_001,1,0,1,0,0,0,0
idp90611e,0,1,0,1,0,0,0
157245_1_0001,0,1,1,0,0,0,0
84630_1_001,1,1,1,0,0,0,0
54314_2_001,1,1,1,0,0,0,0
29pgc-pc-a11g.0001,0,1,0,1,0,0,0
jcp2-9,1,0,0,0,0,0,0
IDP00909-1,0,1,0,1,0,0,0
162347_1_E2_001,0,0,0,0,0,1,0
INDF7-gly1-peak.0001,1,1,1,0,0,0,0
262682g4_y0100,1,1,1,0,1,0,0
93611_1_E1,1,1,0,0,0,0,1
126298_1_E2_001,1,0,1,0,0,0,0
74945_1_E3_001,1,0,1,1,0,0,0
36658_1_E2_001,0,1,0,1,0,0,0
179482_1_00001,1,1,1,0,1,0,0
163108_1_E1_0001,1,1,1,0,0,0,0
xwx3-10,0,1,0,0,0,0,0
285996c10_0001,0,1,1,1,0,0,0
21c10p2_2_E2_001,0,1,0,0,0,0,0
1246P_2_001,1,1,0,0,0,0,0
idp02310-1_B,0,1,0,1,0,0,0
155626_1_E2_0001,1,0,0,0,0,1,0
172170_2_00001,0,0,1,0,1,1,0
171391_1_E2_001,0,1,0,0,0,0,0
184274_1_00001,1,1,1,0,1,0,0
rjo4-1,0,1,0,0,0,0,0
15533_1_E2_001,1,0,1,0,0,0,0
stm3982-2_A,1,1,0,0,0,0,0
13055_1_001,1,0,1,1,0,0,0
36319_1_E1_001,1,1,1,0,0,0,0
m1-a9e.0001,0,1,0,0,0,0,1
sam-pic12-peak.0001,0,1,0,1,0,0,0
AssviHisAp_PFAR_M2_G3_data.0001,0,1,0,1,0,0,0
106568_1_E2_001,1,0,1,0,0,0,0
77278_1_E1_001,1,1,1,0,0,0,0
197652_2_00001,1,0,1,0,1,0,0
135560_2_0001,1,1,1,0,0,0,0
140722_2_0001,0,1,0,0,0,0,0
fdi5-8,0,1,0,0,0,0,0
35664_1_E1_001,1,1,1,0,0,0,0
285574g2_z_0001,0,1,1,0,1,0,0
53256_1_E2_001,0,1,1,0,0,0,0
92029_1_E1_001,1,0,1,0,0,0,0
e6x_3.0701,0,1,0,0,0,0,0
12525_4_E3_001,1,0,0,0,0,0,0
337_SubTrpf_misl_M2_A5_low.0001,0,1,0,1,0,0,0
30484_1_E1,1,0,0,0,0,1,0
262775a12_z20001,0,1,1,1,0,0,0
puck32-10_lr_2_001,0,1,0,0,0,0,0
34601_2,0,1,0,0,0,0,0
UFB4_3,0,1,0,1,0,0,0
185512_1_001,1,0,0,0,0,1,1
98291_1_001,1,1,1,0,0,0,0
xtal1_addF5.0001,0,1,1,0,1,0,0
36184_1_E2_001,0,1,1,1,0,0,0
111733_M1_f6_data.0001,0,1,0,0,0,0,0
ach0001_Tob4_3Apr12_collect_120mm_300sec_0001,0,0,1,0,0,0,0
181388_1_E2_00001,0,1,1,0,0,0,0
12058_1_E3_001,0,1,0,1,0,0,0
rzw4_1_3_7,0,1,0,0,0,0,0
52025_1_E2_001,1,1,1,0,0,0,0
10230_5_E2_001,1,1,0,0,0,0,0
18574_1_E1_001,0,0,1,1,0,1,0
47717_1_E2_001,0,1,1,0,0,0,0
210571_1_E1_00001,1,0,1,0,0,0,0
207064_1_00001,1,0,1,0,1,0,1
IDP04689-2,0,1,0,1,0,0,0
13022_1_001,0,1,0,0,0,0,0
rux3-7,0,1,0,0,0,1,0
kgc9-3,0,1,0,0,0,0,0
id2164-1_A,0,1,0,1,0,0,0
90308_2_001,1,1,1,0,0,1,0
7162_3_001,0,0,0,0,0,0,0
139313_1_E1_0001,1,1,1,0,0,0,1
149284_1_E1_0001,1,1,0,0,0,0,0
apc103670c,0,0,0,1,0,1,0
IDP91216-1,0,1,0,1,0,0,0
149187_1_E2_0001,1,0,1,0,0,0,0
63720_1_E2,1,1,1,0,0,1,0
81309_1_E2_001,1,1,1,0,0,0,1
113488_1_E1_001,1,1,1,0,0,0,1
257704f1_x0001,0,1,1,0,0,1,0
90356_2_001,0,0,1,0,0,1,0
60444_3_001,1,1,0,0,0,0,0
82888_2_001,0,0,1,1,0,0,0
15048_2_001,0,1,0,0,0,0,0
163636_1_E1_0361,0,1,0,1,0,0,0
179565_2_00001,1,1,1,0,0,0,0
200822_1_00001,1,0,1,0,1,0,0
191124_1_E1_00001,1,1,0,1,1,0,0
101320_2_001,1,0,1,0,0,0,0
155043_1_E2_0001,1,0,1,0,0,0,0
198681_1_E2_00001,1,1,1,0,0,1,0
peak-2.0001,0,1,1,0,0,0,0
20044_2_E1,0,1,1,1,0,0,0
a2c1-peak.0001,0,1,1,0,0,0,0
159525_2_E1_0001,1,0,1,0,0,0,0
159525_1_E2_0001,1,1,1,0,0,0,0
1001_M2_B7_low.0001,0,1,1,0,0,0,0
cps-044-3_1_001,0,1,0,0,0,0,0
61537_3_E1_001,0,1,1,0,0,0,0
211518_2_00001,1,1,1,0,0,0,0
265800f4_xx0001,0,0,1,0,0,0,0
12217_2_001,0,0,0,0,0,0,0
12562_4_E1_001,1,0,0,0,0,0,0
idp90293b,1,1,0,0,0,0,0
bjp_plate2-b3_1_001,0,1,0,1,0,0,0
14851_2_001,1,0,1,0,0,0,0
m1a11g.0001,0,1,0,1,0,0,0
rkr2_4_1_001,0,1,0,1,0,1,0
172008_1_E2_001,1,1,1,0,0,0,0
68112_4_001,1,1,1,0,0,0,0
186527_2_E1_001,1,0,1,0,0,0,1
211010_1_E1_00001,1,0,1,0,1,0,1
TK-1-H2-x1-low.0001,0,1,0,1,0,0,0
49157_1_E2_001,1,1,1,0,0,0,0
130597_1_E1_001,1,1,1,0,0,0,0
IDP91546-1b,0,1,0,1,0,1,0
113120_1_E1_001,1,1,1,0,0,0,1
xtal_4_scan_D2_low.0001,0,1,0,0,0,1,0
T3996_3_001,0,0,0,0,0,0,0
17908_1,0,1,1,0,0,0,0
26958_2_001,1,0,1,0,0,0,1
79774_1_E1_001,1,0,1,0,0,0,1
107325_2_001,1,1,1,0,0,0,1
73340_2_001,1,1,1,0,0,0,0
M1G2a.0001,1,1,1,0,0,0,0
11921_3_E3_001,1,1,1,0,0,0,0
3985_1_001,1,0,0,1,0,0,0
11820_2_001,0,1,0,0,0,0,0
3332_2_001,1,0,0,0,0,0,0
40464_1_E2_001,1,1,1,0,0,0,0
IDP01787-2_2_B,0,1,0,0,0,0,0
vnb7-4,1,1,0,0,0,0,0
T1588-822_1_E3_001,0,0,0,0,0,1,0
44283_1_E1_001,0,0,1,0,0,0,0
20370_1_E1_001,0,0,1,0,0,0,0
HUW5-15_1_001,1,1,1,0,0,0,0
mj67_d10ab,0,1,0,0,0,0,0
T3017_5_001,0,0,1,0,0,0,0
196802_1_00001,1,0,1,0,1,0,0
STR0003-1,0,1,0,1,0,0,0
IDP05410-4d,1,1,1,0,0,1,0
3893_3_E1_001,1,1,0,0,0,0,0
I5-29_t1,0,1,0,1,0,0,0
IDP00044_G5_C6_1_2_0001,1,0,1,1,0,0,0
122185_1_E1_001,1,1,1,0,0,0,0
65408_1_E1,0,1,0,1,0,0,0
T3017_1_E1_001,0,0,1,0,0,0,0
CAA0034_collect_Dec13_2016_0401,0,0,1,0,0,0,0
168601_1_E2_0001,1,1,1,0,0,0,0
218438h2_y0001,0,1,1,0,0,0,0
138060_1_E2_0001,1,0,1,0,0,0,0
154138_1_E1_0001,1,1,1,0,0,0,1
186871_1_E1_001,1,1,0,0,0,0,1
180999_2_00001,1,1,1,0,0,0,0
x257392_real_00001,0,0,1,1,0,1,0
77278_2_001,1,1,1,0,0,0,0
76161_1_E1_001,1,0,1,1,0,0,0
izz8-4,0,1,0,0,0,0,0
77848_1_E1_001,0,1,1,0,0,0,1
9611_1_001,1,1,0,0,0,0,0
idp01705-n1_B,0,1,0,1,0,0,0
16-m2b3g-peak.0001,0,1,0,1,0,0,0
APC234_Iy-4_1_0001,0,1,0,1,0,0,0
mj67_d10a,0,1,0,0,0,0,0
209049_2_00001,1,1,1,0,1,0,0
91320_1_E2_001,1,1,1,0,0,0,0
92225_1_E1_001,1,0,1,0,0,0,0
183667_1_E2_00001,1,0,1,0,1,0,0
76429_2_001,1,0,1,0,0,0,0
23c28p2_2_001,0,0,1,0,0,0,0
157727_1_0001,1,1,1,0,0,0,0
111270_M4_G11_data.0001,0,1,0,1,0,0,0
63791_1_E2,0,1,1,0,0,0,0
lnk6-1,0,1,0,0,0,0,0
217062a8b_x0010,0,1,1,0,0,0,0
61643_1_E2_001,1,1,0,0,0,0,0
206645h12_z0001,0,1,1,0,1,0,0
T2265_1_001,0,0,0,1,0,1,0
d3_p9_1_001,1,0,0,0,0,0,1
24756_3_E1_001,1,0,1,0,0,0,0
144591_2_0001,1,1,1,0,0,0,1
21c10p2_1_E1_001,1,1,1,1,0,0,0
95955_1_E1,0,1,0,0,0,0,1
DCB19_6_1_001,0,1,1,0,0,1,0
51247_1_E1_001,1,0,1,0,0,1,0
75674_1_E2_001,0,1,0,0,0,1,0
APC6354_Ih-87_1_0001,1,0,1,0,0,0,0
44931_1_E2_001,1,1,1,0,0,0,1
216496e11_a0401,0,1,1,0,0,0,0
27867_2_001,1,1,1,0,0,0,1
IDP05410-4c,1,1,1,0,0,1,0
119698_1_E1_001,1,0,1,0,0,0,0
149178_1_E1_0001,1,1,1,0,0,0,0
bdu3-10lowres,0,1,0,1,0,0,0
IDP01038_3ghz.0401,0,1,0,1,0,0,0
97004_1_E1,0,1,0,1,0,1,1
12996_2_E2_001,1,0,1,0,0,0,0
IDP05684CoA_PKa.0001,1,1,0,0,0,0,0
126867_1_001,0,0,1,1,0,1,0
186408_2_00001,1,0,1,0,1,0,0
15625_1_E3_001,1,1,0,0,0,0,0
60620_1_E1_001,0,1,0,0,0,0,0
vmk5_1_1_001,0,1,1,0,1,1,0
77741_1_E2_001,0,1,0,0,0,0,1
180999_3_E1_00001,0,1,1,0,0,0,0
test_4_001,1,1,1,0,1,0,0
18547_1_001,1,1,1,0,0,0,0
255936e1_x0001,0,0,1,0,1,1,0
30918_2,0,1,0,1,0,0,0
284201at_tip_x_0001,0,0,1,0,1,0,0
98291_3_E1_001,1,1,1,0,0,0,0
c1m_2_001,1,1,0,0,0,0,0
idp1723-1_A,0,1,0,0,0,0,0
190819_1_E2_00001,1,0,1,0,1,0,0
HsProlMut1_Mn_GP_pH69_nat_2_0001,0,1,0,0,0,0,0
107516_1_E2_001,1,1,1,0,0,0,1
137775_1_E1_0001,0,1,1,0,0,0,1
IDP05735-3,1,1,0,0,0,0,0
ic11-2-peak3.0001,1,1,0,1,0,0,0
257491b7_z0001,0,1,1,0,0,0,0
13120_3_001,0,1,1,0,0,0,0
idp90922a,0,1,0,0,0,0,0
187937_1_E1_001,0,1,0,0,0,0,1
F1967_0912_screen_0001,0,0,1,0,1,1,0
idp04176g,0,1,0,0,0,0,0
anomalous_IDP00577-5b,0,1,0,0,0,0,0
IDP02733_3M5P.0001,0,1,0,1,0,0,0
170434_2_001,0,0,0,0,0,1,0
165956_1_E1_0001,1,1,1,0,1,1,1
180999_1_E2_00001,0,1,1,0,0,0,0
63667_1_E1,1,1,0,0,0,1,0
25076_1_E1_001,1,1,1,0,0,0,1
184206_1_00001,1,1,1,0,1,0,1
114340_1_E1_001,1,1,1,0,0,0,1
KDM4B_1s,0,1,0,0,0,0,0
13120_2_E2_001,0,1,1,0,0,0,0
TUC-8_4_1_001,0,0,0,0,0,0,0
130716_1_E1_001,1,0,1,0,0,0,1
112971_2_001,1,1,1,0,0,0,1
ic7-2su.0001,0,0,0,1,0,1,0
rgo9-7,0,1,0,1,0,0,0
136883_2_001,0,1,0,0,0,0,0
34719_1_E1,0,1,0,0,0,0,0
17c10p4_2_E1_001,0,1,0,0,0,0,1
115852_1_001,1,1,1,0,0,0,0
22755_1_E2_001,1,1,1,0,0,0,0
73340_1_E2_001,1,1,1,0,0,0,1
u1_s4.0001,0,1,1,0,0,0,0
211010_1_E2_00001,1,1,1,0,1,0,1
93357_1_E2_001,0,1,1,0,0,0,1
233128a2_x0001,0,1,1,0,0,0,0
quk9-15_4_00001,0,0,1,1,0,1,0
WTT6-9_1_001,0,1,1,0,1,0,0
217183b6-amp_hires_0001,0,0,1,0,1,1,0
ppm3D3-peak.0001,1,0,1,0,0,0,0
96452_1_E1,1,0,1,0,0,0,1
m1g1eg.0001,0,1,0,0,0,0,0
188066_1_E1_001,0,0,0,0,0,1,1
10849_1_E2_001,0,0,0,0,0,0,0
107810_1_E1_001,1,0,1,0,0,0,1
151759_3_00001,1,0,1,0,1,0,0
264490e5_x20001,0,1,1,0,1,0,0
idp91106m,0,0,0,1,0,1,0
100346_M1_B8_high.0001,0,1,0,1,0,0,0
143501_2_0001,1,0,1,0,0,0,0
257500d1_0001,1,0,1,0,0,0,0
imp-q21-ih5eg.0001,0,1,1,0,0,0,0
45407_1_E2_001,1,1,1,0,0,0,1
138499_2_0001,1,1,0,0,0,0,0
46502_1_E1_001,1,1,1,0,0,0,1
199055_1_E2_001,0,0,0,0,0,1,0
10911_3_001,1,0,1,0,0,0,0
179492_2_00001,1,1,1,0,1,0,0
T2091_E3_1_001,0,0,1,0,0,0,1
T2869_1_E3_001,0,1,0,0,0,0,0
10690_1_E2_001,1,0,1,0,0,0,0
idp91753a,1,1,1,1,0,0,0
17386_1,1,1,1,0,0,0,0
C8_2_2_00001,0,1,1,0,0,0,0
40028_1_E2_001,1,0,1,0,0,0,0
9N_32.0001,1,1,1,0,0,0,0
13Feb15_n1_collect_sweep2_0001,0,1,1,0,1,0,0
phi180_0001,0,0,1,0,1,0,0
m4d9g-1.0001,0,0,0,1,0,0,0
56381_1_E2_001,0,0,1,0,0,0,0
55404_1_E2_001,1,1,1,0,0,0,0
fmc3-8,0,1,0,1,0,0,0
210571_1_E2_00001,1,0,1,0,1,0,0
47532_1_E2_001,0,0,1,0,0,0,0
207064_2_00001,1,0,1,0,1,0,1
85916_4_001,1,0,1,0,0,0,0
idp05469.2a,1,1,0,0,0,1,0
tm0875_8p44_1_E2_001,0,1,0,0,0,0,0
127933_1_E2_001,1,0,1,0,0,0,0
tlg6_3_1_001,1,1,0,1,0,0,0
181388_1_E1_00001,1,0,1,0,0,0,0
T1588-822_102_E2_001,0,1,0,0,0,0,0
IDP05108-4,0,1,0,1,0,1,0
100019_2_001,1,0,1,0,0,0,0
136883_1_E2_001,0,1,0,0,0,0,1
m3c4no2.0001,0,1,1,0,0,0,0
140569_1_E1_0001,1,1,1,0,0,0,0
185723_1_E2_001,0,1,0,0,0,0,1
211518_1_00001,1,0,1,0,0,0,0
103946_3_001,0,1,1,0,0,0,1
10562_M4_g1_3_data.0001,1,1,1,0,0,0,0
89520_1_E2_001,0,0,1,0,0,0,0
17c2p3_4_001,1,1,1,0,1,0,0
185538_1_001,1,1,1,0,0,0,1
141921_2_0001,1,1,1,0,0,0,0
46896_1_E1_001,0,0,1,1,0,1,0
93310_1_001,1,1,1,0,0,0,0
KDM4A-3,0,1,0,0,0,0,0
198681_1_E1_00001,1,1,1,0,1,0,1
85341_2_001,0,1,1,0,0,1,0
144187_1_E1_0001,0,1,0,0,0,0,0
191124_1_E2_00001,1,0,1,1,1,0,0
11280_3_001,1,1,1,1,0,0,0
244377g6_y0001,0,0,1,0,0,1,0
121774_3_001,0,1,0,1,0,0,0
181388_2_00001,1,0,1,0,0,0,0
116815_1_E1_001,0,1,1,1,0,0,0
xwx3-6,0,0,0,0,0,1,0
idp02485.402sm-b,1,0,0,0,0,1,0
159700_1_E2_0001,0,1,0,0,0,0,0
ja1_2_001,0,1,1,0,0,0,0
pip-c9ge-1peak.0001,0,1,0,1,0,0,0
if7g-peak.0001,0,1,0,0,0,0,0
203781h1_1M_KI_y0001,0,1,1,0,0,0,0
28056_17_E1_001,1,0,1,0,0,0,0
57548_1_E2_001,0,1,1,0,0,0,0
106933_1_E2_001,0,1,0,1,0,0,0
257485c12_x0001,1,1,1,1,0,0,0
idp00968a,0,1,0,1,0,0,0
43942_2_001,1,0,1,0,0,0,0
IDP95660-4,0,1,0,1,0,1,0
190819_1_E1_00001,0,0,1,0,0,0,0
9969_4_001,1,1,0,0,0,0,1
25011_1_E2_001,0,0,1,0,0,1,0
65408_2,0,1,0,0,0,0,0
46896_2_001,0,0,0,1,0,1,0
92036_1_E2_001,0,1,1,0,0,0,0
15154_1_E2_001,1,0,1,0,0,0,0
261062c8_z20001,0,1,1,0,1,0,0
ENY1_1_1_001,0,1,0,0,0,0,0
91156_1_E2_001,1,0,1,0,0,1,0
idp02531-1_A,0,1,0,0,0,0,0
aik4-15_16_00001,1,1,1,0,0,0,0
180999_3_E2_00001,0,1,1,0,0,0,0
non-anomalous_IDP00335-1b,1,1,0,0,0,0,0
jgp5-6b,0,1,0,0,0,0,0
49893_1_E1_001,1,1,1,0,0,0,0
91709_1_E1_001,0,1,1,0,0,1,1
113062_1_E1_001,0,1,0,0,0,0,1
148872_1_E2_0001,1,1,1,0,0,0,1
58118_2,0,0,0,1,0,0,0
p8_c11_00001,0,1,0,0,0,0,0
107112_1_001,1,0,1,0,0,0,0
21629_1_E1_001,1,0,1,0,0,1,0
36121_1_E2_001,1,0,1,0,0,0,0
1507_102_dropb3M2-29-gly-high.0001,0,1,1,0,0,0,0
bfw9-7,0,1,0,0,0,0,0
121017_2_001,1,0,0,0,0,0,0
IDP91947-1,1,1,0,0,0,1,0
180999_1_E1_00001,1,1,1,0,0,0,0
55056_1_E1_001,1,1,1,0,0,0,0
nys3_b3a,0,1,0,1,0,0,0
GW0004_1_867-1,0,1,0,0,0,0,0
81605_1_E2_001,1,0,1,0,0,1,0
x1-high.0001,0,0,1,0,1,0,0
x249641.0001,0,1,1,0,0,0,0
257193a2_y0001,0,0,1,0,0,0,0
ESPG2_M1_B5_x3_data.0001,0,0,1,0,0,0,0
123353_1_E1_001,1,0,1,0,0,0,0
62506_1_E2_001,0,0,0,0,0,0,0
11319_1_001,0,1,0,0,0,0,0
10301_2_001,0,0,0,0,0,0,0
88778_1_E2_001,1,0,1,0,0,0,1
IDP01791_n1_1_0001,0,1,1,0,0,0,0
wih10su2-peak1.0001,0,1,0,0,0,0,0
89622_1_E1_001,1,0,1,0,0,0,0
195021_2_00001,1,0,1,0,1,0,0
idp05121.2sm-a,0,1,0,1,0,0,0
154823_1_E2_0001,0,1,0,1,0,0,0
196080_1_00001,1,0,1,0,1,0,0
183667_1_E1_00001,1,0,1,0,1,0,0
unknown-4a,1,1,0,0,0,0,0
dcb6_7_1_001,1,1,0,0,0,0,0
14775_2_E2_001,0,1,0,0,0,0,0
24118_1_E1_001,1,0,1,0,0,1,0
C8_6_9_00001,0,1,1,0,0,0,0
icw9-5,0,1,0,1,0,0,0
183667_2_00001,1,0,1,0,1,0,0
101320_1_E1_001,1,1,1,1,0,0,0
117397_1_E1_001,1,1,1,0,0,1,0
auw1_3_1_001,0,1,0,0,0,0,0
84354_4_001,0,1,1,1,0,0,0
93357_2_001,0,1,1,0,0,0,1
121774_1_E2_001,0,1,0,1,0,0,1
173022_2_0001,1,1,1,0,0,0,0
146092_1_0001,0,1,1,0,0,0,1
73676_2_001,0,0,0,1,0,0,0
15758_1_E1_001,1,0,1,0,0,0,0
91082_2_001,1,0,1,0,0,0,0
auw1_16_1_001,0,1,0,1,0,0,0
81155_1_E2_001,1,1,1,0,0,0,1
72230_1_E1_001,1,0,1,0,0,0,1
204287g6_ax0001,1,1,1,0,0,0,0
54906_1_E1_001,0,0,1,0,0,0,0
2077_W_pyr2pk.0001,0,1,1,0,0,0,0
228044h10_x0001,1,0,1,0,0,0,0
IDP90557_J-2-3_1_0001,0,0,1,0,1,0,0
49046_1_E2_001,1,1,1,0,0,0,0
xy102_peak.0001,1,1,1,0,0,0,0
53083_1_001,1,1,1,0,0,1,0
186728_2_E1_001,1,0,0,0,0,1,1
262775a12_x0001,0,1,0,1,0,0,0
114256_2_001,0,1,0,0,0,1,0
74295_2_001,1,0,1,0,0,0,1
176318_1_E2_00001,0,1,1,0,1,0,0
34562_1_E2_001,1,0,1,1,0,0,0
290723a7_y_0001,0,1,1,0,0,0,0
80804_1_E2_001,1,1,0,1,0,0,0
qub4-1_1_001,0,1,0,0,0,1,0
226714c8_x0001,0,1,1,0,1,0,0
91286_2_001,0,1,0,1,0,0,0
179492_3_00001,1,1,1,0,1,0,0
T2091_E2_1_001,0,0,1,0,0,0,1
231382a1_z0001,0,0,1,0,0,0,0
16472_1_001,1,1,1,0,0,0,1
sal9_p11_1_001,1,1,0,0,0,0,0
158220_1_E1_00001,1,0,1,0,1,1,0
INDE9gly-peak.0001,0,1,0,1,0,0,0
185556_2_001,1,1,1,0,0,0,1
127124_1_E2_001,1,0,1,0,0,0,0
10641_3_E2_001,1,0,0,0,0,0,0
200362_1_E2_00001,0,1,0,0,0,0,0
mly7-11_1_001,0,1,1,0,0,0,0
196606_1_E1_00001,1,1,1,0,1,0,0
18058_2,1,1,1,0,0,1,0
IDP04297-1_Se_B,0,1,0,0,0,0,0
201069_1_E1_00001,1,1,1,0,1,0,0
120358_1_E1_001,0,1,1,1,0,0,0
jtp5-6,1,1,0,1,0,0,0
T1588-822_101_E1_001,0,1,0,0,0,0,0
37581_1_E1_001,0,1,1,0,0,0,1
151759_2_00001,1,0,1,0,1,0,0
54510_1_E2_001,1,1,0,0,0,0,0
ymq0-4,0,1,0,1,0,0,0
11504_2_E1_001,0,1,0,1,0,0,0
IDP05245_4GVO.0001,1,1,1,0,0,0,0
168670_1_E1_0001,1,0,1,0,1,0,0
idp2451-n3_B,0,1,0,1,0,0,0
215778c6_y0001,0,0,1,0,0,0,0
108484_2_001,1,1,1,0,0,0,1
image_x0001,0,1,1,0,0,0,0
125998_1_E2_001,0,0,1,0,0,0,0
81605_2_001,0,0,1,0,0,1,0
142756_1_E2_0001,1,0,1,0,0,0,0
NY28_10set3,0,1,0,0,0,0,0
8989_1_001,1,1,0,0,0,0,0
149934_1_0001,1,1,1,0,0,0,1
katm_17_1,1,0,0,0,0,1,0
198553_1_E1_00001,1,0,1,0,0,0,0
apc4542_DNA24_B1_c2_1_0001,1,0,0,0,0,0,1
227318b6_y0001,1,0,1,0,1,0,0
idp1318-C3-anl2-gly.0001,0,1,0,0,0,0,0
peak-1.0002,0,1,0,1,0,0,0
52052_3_001,1,0,1,0,0,0,1
75526_1_001,1,1,1,0,0,0,0
xgy3-11_2_001,1,1,1,0,1,0,0
84291_1_E1_001,1,1,1,0,0,0,1
53059_1_E2_001,1,1,1,0,0,0,0
T3695_2_E1_001,0,0,0,0,0,0,0
94284_1_E2,1,0,1,0,0,0,0
96723_3_E2,1,1,0,0,0,0,0
152274_1_E1_0001,0,1,1,0,0,0,0
IDP01441-J-3-C,0,0,0,0,0,1,0
dcb16_9_1_001,1,1,1,0,0,0,0
tstm2268_nat1,0,1,0,0,0,0,0
24045_1_E2_001,1,0,1,0,0,0,0
230048a2_y0001,0,0,1,0,0,0,0
205032_1_00001,1,1,1,0,1,0,0
89921_2_001,0,0,1,0,0,1,0
60587_1_E2_001,1,1,0,0,0,0,0
29753_1_E1_001,0,0,0,0,0,1,0
95462_1_E2,0,1,0,0,0,1,0
vmh0-9,1,1,0,0,0,0,0
mnm_e_jcsg_e1_ki_ax0801,0,0,1,0,0,0,0
T3337_2_001,0,1,1,0,0,0,1
HEuTCH2b1_6_000,1,0,1,0,0,0,1
58458_1_E1,1,1,0,1,0,0,0
149539_1_E2_0001,0,1,1,0,0,0,1
IDP01133_crystal1_1_0001,1,1,1,0,0,1,0
118400_1_E2_001,1,0,1,0,0,0,0
165065_1_E2_0001,1,0,1,0,0,0,0
CAA0003_18Nov16_n5_collect_0001,0,0,1,0,0,0,0
IDP91778-9,1,1,0,0,0,0,0
208434_1_00001,1,1,1,0,1,1,0
87869_1_E2_001,1,0,1,0,0,0,0
mvx8-9,1,1,0,0,0,0,0
95390_1_E1,1,1,1,0,0,0,1
125158_2_001,1,0,1,0,0,0,0
195823_1_E2_00001,0,0,1,0,1,0,0
56038_1_E2_001,0,0,1,1,0,1,0
93729_3_E2,1,1,0,0,0,0,1
A0751-278,0,1,1,0,0,0,0
apc110172.8a,1,1,0,0,0,0,0
idp91106d,0,0,0,1,0,1,0
ren0-2,0,1,0,1,0,1,0
120919_2_001,1,0,1,0,0,0,0
185801_1_E1_001,1,0,1,0,0,0,1
100666_1_E2_001,0,1,1,0,0,0,0
a1d5g3-peak.0001,0,1,0,0,0,0,0
53398_1_E2_001,1,0,1,0,0,0,1
200149_1_E1_00001,1,1,1,0,0,0,0
99049_1_E1_001,0,0,1,0,0,0,0
47595_1_E2_001,1,0,1,1,0,0,0
114310_1_E1_001,0,1,1,0,0,0,1
95182_1_E2,1,0,1,0,0,0,1
Phen1,0,1,0,0,0,0,0
idp026381-3,0,1,0,0,0,0,0
p4_2_001,0,1,0,0,0,0,0
225934h6_x0001,0,0,1,0,1,0,0
64790_1_E1,0,1,1,0,0,0,0
173022_1_E1_0001,1,1,0,0,0,0,0
IDP91778-9anob,0,1,1,1,0,0,0
idp00766a,1,0,0,0,0,1,0
10863_2_E1_001,1,0,0,0,0,1,0
114340_2_001,1,1,1,0,0,0,1
85557_1_001,0,1,1,1,0,0,0
44931_2_001,1,1,1,0,0,0,1
166551_1_E1_0001,0,1,0,0,0,0,0
11c12p3_1_E2_091,0,1,1,0,1,1,0
44338_4_001,1,0,0,0,0,0,1
15521_2_001,0,1,0,0,0,0,0
204157b3_ax0001,0,0,1,0,0,0,0
IDP04248-1,0,1,0,0,0,1,0
IDP90718_3N4K.0001,1,0,1,0,0,0,0
33758_2_001,1,0,1,0,0,0,0
am2h3g.0001,0,1,1,0,0,0,0
9172_1_E1_001,1,1,0,0,0,0,0
idp04323-4,0,1,0,0,0,1,0
T2972_1_E2_001,0,0,0,0,0,1,0
qdq9-9,1,1,0,0,0,0,0
64132_2,0,1,0,0,0,0,0
10270_1_E3_001,1,0,0,0,0,1,0
13185_2_E2_001,1,1,1,0,0,0,0
Puck10-2,0,1,0,0,0,0,0
ProlWT_Mut0_HR_1_00001,0,1,1,0,1,0,0
102352_1_E1_001,1,1,0,0,0,0,1
22369_2_001,1,0,1,0,0,0,0
151192_1_E2_0001,1,0,1,0,0,0,1
96698_2,0,0,0,0,0,0,0
89033_1_E1_001,1,1,1,0,0,0,1
138569_2_0001,1,0,1,0,0,0,1
IDP05451-2,1,1,0,0,0,0,0
59519_1_E2_001,0,0,0,0,0,0,0
173580_1_0001,1,0,1,0,1,0,0
197295_2_00001,0,1,0,0,1,0,0
101464_2_001,0,1,0,0,0,0,0
iyg6-15_11_001,0,0,0,0,0,1,0
96990_1_E1,0,1,1,0,0,0,1
10401_1_001,1,1,1,0,0,0,0
105648_1_E1_001,1,0,1,0,0,0,1
11921_5_E1_001,1,0,1,0,0,0,0
139727_1_E2_0001,0,1,0,0,0,0,1
84338_1_E2_001,1,0,1,0,0,1,0
185556_1_E2_001,1,1,0,0,0,0,1
101975_1_E2_001,1,0,1,0,0,0,0
106817_1_E1_001,1,0,1,0,0,1,1
172170_1_00001,0,0,1,0,1,1,0
133954_1_E2_0001,1,1,1,0,0,0,0
57205_1_E1_001,1,1,1,0,0,0,0
26972_2_001,1,0,1,0,0,1,0
147306_1_0001,0,0,1,0,0,0,1
59460_3_E1_001,0,0,0,0,0,1,0
IDP02154-1,0,1,0,0,0,1,0
awp3-4,1,1,0,0,0,0,0
xBs1.0001,0,1,0,1,0,0,0
mccf_wizA4_ASAsoak_gly.0001,0,0,1,0,0,0,0
88378_1_E1_001,0,0,0,0,0,1,1
257764c5_y0001,1,1,1,0,0,0,0
170800_3_001,0,0,0,1,0,0,0
94235_1_E2,0,1,1,0,0,0,1
7797_1_001,0,1,1,0,0,0,0
139819_2_0001,0,1,1,0,0,0,1
74428_2_001,0,1,1,1,0,0,0
81722_1_001,1,0,1,0,0,0,0
113277_3_001,0,1,1,0,0,0,1
ktz2-6,0,1,0,0,0,0,0
35270_1_E2,0,1,0,0,0,0,0
18574_2_001,1,1,0,0,0,0,0
114053_2_001,1,1,0,0,0,0,1
119761_1_E2_001,0,1,1,0,0,0,1
117797_1_E2_001,1,0,1,0,0,0,0
25011_2_E1_001,1,0,1,0,0,1,0
IDP04461_ZD2_10_1_00002,0,1,0,0,0,0,0
18058_5,1,1,1,0,0,0,0
nib9-12_1_001,1,0,1,0,0,1,0
sacol_1320-2infl_B,0,1,0,0,0,0,0
187718_1_E1_001,0,1,0,0,0,0,1
168220_1_E2_0001,1,1,1,0,0,0,0
oxi7-1_real,0,1,1,1,0,1,0
171931_1_00001,0,1,0,0,0,0,0
idp2781-3,0,1,0,0,0,0,0
idp00749_3PGY.0001,1,1,0,0,0,0,0
93611_2_E2,0,1,0,0,0,0,1
C8_6_8_00001,0,0,1,0,0,0,0
12283_3_001,1,1,0,0,0,0,0
115674_2_001,1,0,1,0,0,0,0
13Feb15_n1_collect_0001,0,0,1,0,0,0,0
102581_1_E2_001,1,1,1,0,0,0,1
21629_2_E2_001,1,0,1,0,0,1,0
r1-2_1_1_001,1,1,0,0,0,0,0
T3702_1_E3_001,1,0,0,0,0,0,0
206697_1_E2_00001,1,0,1,0,0,0,0
147192_2_0001,0,1,1,0,0,0,1
152803_2_0001,1,0,1,0,0,0,0
98036_1_E1_001,1,1,1,0,0,0,0
60763_1_E1_001,0,1,0,0,0,0,0
53076_2_001,0,1,0,1,0,0,0
134804_1_E2_0001,1,0,1,0,0,0,1
175921_1_E1_00001,1,0,1,0,1,0,0
T169_1_E1_001,0,1,0,0,0,0,0
A6_1_1,0,1,0,0,0,1,0
TM1782B4_2_001,0,1,0,1,0,0,0
B27_ok1,0,1,0,0,0,0,0
idp90922ad,0,1,1,0,0,0,0
234284b5_y1001,1,0,1,0,0,0,0
134276_1_0001,1,0,1,0,0,0,1
34621_2,0,1,0,0,0,0,0
178832_1_00001,1,1,1,0,0,0,0
IDP01493_MN3-B3_1a_2_0001,0,1,0,0,0,0,0
163108_2_0001,1,1,1,0,0,0,0
61258_1_E2_001,1,0,0,0,0,0,0
35664_2_001,1,0,1,0,0,0,0
60302_1_E1_001,0,1,0,0,0,0,0
70568_1_E1_001,0,1,0,0,0,0,0
70093_1_E1_001,0,1,1,1,0,0,0
91667_1_E1_001,1,1,1,0,0,0,1
113277_1_E2_001,0,1,1,0,0,0,1
ejy2-10_1_001,0,1,0,0,0,0,0
81567_2_001,0,0,1,1,0,0,0
o9_4.0001,1,1,1,0,0,0,0
205370d6_x0001,1,0,1,0,1,0,0
91082_1_E1_001,0,0,1,0,0,0,0
nui1-5_1_001,1,0,1,0,0,0,0
idp05539_4E16.0501,1,1,0,1,0,0,0
IDP06286-1,1,1,0,0,0,0,0
prv7-6,0,1,0,1,0,0,0
dzb0-7_5_001,1,1,0,0,0,0,0
17848_1,1,0,1,0,0,0,0
11933_2_001,0,0,0,1,0,0,0
201927_1_E2_00001,0,1,1,0,1,0,0
rhamnosemix_1_a,0,1,0,0,0,0,0
aak7-1,0,1,0,0,0,0,0
123431_1_E2_001,0,1,1,0,0,0,0
p46p2_1_001,1,0,1,0,1,0,0
KH12_2s1,0,1,0,1,0,0,0
apc110119g,1,1,0,0,0,0,0
63791_2,0,1,1,0,0,0,0
idp01656b,0,1,0,1,0,0,0
18095_1_E2_001,0,1,0,0,0,0,0
51451_2_001,1,0,1,0,0,0,0
9258_2_001,0,1,0,0,0,0,0
105648_2_001,1,0,1,0,0,0,1
100967_2_001,1,1,0,0,0,0,0
24118_2_001,1,0,1,0,0,1,0
123431_2_001,0,1,1,0,0,0,0
163636_2_0361,0,1,0,1,0,0,0
9439_1_001,0,1,0,1,0,0,0
105471_4_001,0,1,1,0,0,0,1
T2972_2_001,0,0,1,0,0,1,0
IDP04389-1b,1,1,0,0,0,0,0
27221_2_001,1,0,1,0,0,0,1
idp90669a,1,1,0,0,0,0,0
95186_1_E1,0,0,1,0,0,1,1
xtal1rot.0001,0,1,0,0,0,0,0
142525_1_E1_0001,1,0,1,0,0,0,0
36626_1_E2_001,1,0,1,0,0,0,0
ucd10a,0,1,0,0,0,0,0
159752_1_E2_0001,0,1,1,0,0,0,0
IDP91778-11anob,0,0,1,0,0,0,0
91121_2_001,0,1,0,0,0,1,0
etc1-2,0,1,1,0,0,0,0
uuo1-8_1_001,0,1,1,1,0,0,0
HBY5_8_1_001,0,1,0,1,0,0,0
144484_3_E1_0001,1,0,1,0,0,0,1
apc100707pk1.0001,0,1,0,1,0,0,0
34502_1_E1_001,1,0,1,0,0,0,0
77848_2_001,0,1,1,0,0,0,0
qoj5-1,1,1,0,0,0,0,0
2715_2_001,0,0,0,0,0,0,0
JHI9-8_5_001,1,1,0,0,0,0,0
12525_5_E1_001,0,0,0,0,0,0,0
apo-m3c4.0001,0,0,1,0,0,0,0
B8_1_001,0,1,0,1,0,0,1
APC234_Iy-28_1_0001,0,1,0,0,0,0,0
aik4-11_16_00001,0,1,0,0,0,0,0
19051_2_E2_001,0,0,0,0,0,0,0
72438_1_E2_001,1,0,1,0,0,0,1
48017_1_E2_001,1,1,0,0,0,0,0
26313_3_001,0,0,0,0,0,0,0
105616_2_001,0,0,1,0,0,0,0
52009_1_E2_001,1,0,1,0,0,0,0
zty0-8b,0,1,0,0,0,0,0
B1_1_E2_0001,0,0,1,0,0,1,0
131780_2_0001,0,1,1,0,0,0,0
53059_2_001,0,1,1,0,0,0,1
122331_1_001,0,0,1,0,0,0,1
88760_1_E1_001,1,0,0,0,0,0,0
31090_2,1,0,0,0,0,0,0
130568_2_001,0,0,0,0,0,0,0
257996g11_x0001,0,1,1,0,0,0,0
uqd2-1,0,1,0,0,0,0,0
38434_2_001,1,0,1,0,0,1,0
109942_2_001,0,1,0,0,0,0,0
idp01739-2_B,0,1,0,0,0,0,0
204838_1_E1_00001,1,0,1,0,1,0,0
IDP01493-J-4-C,0,1,0,0,0,0,0
169177_2_0001,0,1,1,0,0,0,0
u0_b2.0001,0,0,0,1,0,0,0
dapapo-newx1-zn-hr.0001,1,1,0,0,0,0,1
150864_2_0001,1,1,1,0,0,0,1
177797_2_E2_00001,0,0,1,0,0,0,0
195051_1_E2_00001,0,0,1,0,1,0,0
96723_2_E1,1,0,0,0,0,0,0
ter3-3,1,1,0,0,0,0,0
41487_2_001,1,0,1,0,0,0,0
104883_1_001,1,0,1,0,0,0,1
205027_1_E1_00001,0,0,1,0,0,0,0
199055_2_001,0,0,0,0,0,1,0
83131_2_001,1,1,1,0,0,0,0
IDP91947-1b,0,1,0,0,0,1,0
IDP01334_3egj.0001,1,1,0,0,0,0,0
TM1782B4_4_E1_001,0,1,0,1,0,0,0
11785_6_E2_001,0,0,0,0,0,0,0
169360_1_0001,1,1,1,0,1,0,0
91667_2_001,1,1,1,0,0,0,1
028011_sop6_f12d_1_0001,1,0,1,0,0,0,0
253954a9_x0001,0,0,1,0,0,0,0
qjz3-1,0,0,0,0,0,1,0
166946_1_E2_0001,0,0,1,0,0,0,0
B63_ok2,0,1,0,1,0,0,0
30484_2,1,0,0,0,0,1,0
idp1131_N1_A,1,1,0,1,0,0,0
144619_1_E1_0001,1,1,1,0,0,0,1
168260_3_00001,0,1,1,1,0,0,0
21c10p2_4_001,0,0,0,0,0,0,0
25710_1,1,0,1,0,0,0,0
l-asp-m1c7eg.0001,1,0,1,0,0,0,0
93729_2_E1,1,1,0,0,0,0,1
194949_1_E2_00001,1,1,1,0,1,0,0
15167_2_E2_001,1,0,1,0,0,0,0
urac-ps2e5g-peak.0001,0,0,1,1,0,0,0
55002_2_001,1,1,1,0,0,0,0
143938_1_E2_0001,1,0,1,0,0,0,0
95613_2_E1,1,1,0,0,0,0,0
257345h12_z0001,1,1,1,0,0,0,0
9177_4_001,1,1,0,0,0,0,0
wmo4-1,0,0,0,0,0,0,0
15758_3_001,1,0,1,0,0,0,0
117956_2_E2_001,1,0,1,0,0,0,0
69423_4_001,1,0,1,0,0,0,0
e3_2.0001,0,1,0,0,0,0,0
60211_1_E1_001,1,0,0,0,0,0,0
191165_2_00001,1,0,1,0,1,0,0
IDP91046-2b,0,1,0,0,0,0,0
111501_1_E2_001,1,1,1,0,0,0,0
117937_1_001,1,0,1,0,0,0,0
cps-044-6_1_001,0,0,1,0,0,0,0
144591_1_E2_0001,1,1,1,0,0,0,0
265160h9_z0001,0,1,1,0,0,0,0
159450_1_E2_0001,1,1,1,0,0,0,0
idp01828f,0,1,0,0,0,0,0
207747_2_001,1,0,0,0,0,0,0
51451_1_E1_001,1,0,1,0,0,0,0
dataset,0,1,1,0,0,0,0
125499_1_E1_001,1,0,0,0,0,0,0
uqf3-6,0,1,0,0,0,0,0
123244_1_E1_001,1,1,1,0,0,0,0
28086_17_E2_001,1,0,1,0,0,0,0
53-a4-2-1-peak1.0001,0,1,0,0,0,0,0
85482_1_E1_001,1,1,1,0,0,0,0
38434_1_E1_001,1,0,1,0,0,0,0
209884_2_00001,1,0,1,0,1,0,0
b3zn-far2-2.0001,0,1,1,0,0,0,0
NY19_2set8,1,1,0,0,0,0,0
149204_1_E2_0001,0,0,1,0,0,0,0
81762_2_001,0,1,0,0,0,0,0
207234a9_z0001,0,1,1,0,1,0,0
120427_1_E1_001,1,0,1,0,0,0,0
56883_2_001,0,0,1,0,0,0,0
por2-10,0,1,0,0,0,0,0
236774g7_x1001,1,1,1,0,0,0,0
192523_1_00001,1,0,1,0,1,0,0
53076_1_E2_001,0,1,1,1,0,0,1
119241_1_E2_001,1,1,1,0,0,1,0
IDP90687-1b,0,1,0,0,0,0,0
64991_1_E1,0,1,0,1,0,0,0
IDP90718_3N4J.0301,0,1,0,1,0,0,0
idp91458_4E6Y.0001,0,1,0,0,0,0,0
opk4-15_1_00001,1,1,0,0,0,0,1
xnk3-1,0,1,0,1,0,0,0
149915_2_0001,1,1,1,0,0,0,1
82007_2_E2_001,1,1,1,0,0,0,1
57205_2_001,1,1,1,0,0,0,0
GW0004-1,1,1,0,0,0,0,0
177797_1_E1_00001,0,0,1,0,1,0,0
143230_2_0001,1,1,1,0,0,0,0
NiPiminD1.0001,0,1,0,0,0,0,0
174571_1_E2_00001,1,0,1,0,0,0,0
75674_2_001,0,1,0,0,0,1,0
60479_1_E1_001,1,0,0,0,0,0,1
tkx9-1,0,1,0,0,0,0,0
125749_1_001,1,1,1,0,0,0,0
89651_2_001,0,0,1,0,0,1,0
17820_2,0,1,1,0,0,0,0
82750_1_001,1,0,1,0,0,0,0
57076_2_001,0,1,0,0,0,0,0
198720_1_00001,0,1,1,0,1,0,1
idp91375b,1,1,0,0,0,0,0
180831_2_00001,1,1,0,0,0,0,0
195329_1_00001,0,0,1,1,1,0,0
266003f3_y0001,0,1,1,0,1,0,0
187252_101_001,1,1,1,0,0,1,0
apc103684b,0,1,0,0,0,0,0
idp01892a,0,0,0,1,0,1,0
OTH0608-2,0,1,0,0,0,0,0
29928_1_E1_001,1,0,1,0,0,0,0
dnj9-4,1,0,0,0,0,0,0
186573_2_E1_001,1,0,1,0,0,0,1
232847a8_x0001,1,1,1,0,1,0,0
IDP90793B_PKa.0001,1,1,0,1,0,0,0
xhs1-4,0,1,0,1,0,0,0
idp90604_3Q0I.0001,1,1,1,0,0,0,0
135840_3_0001,0,1,0,1,0,0,0
x1.0001,0,1,0,1,0,0,0
17141_1_E1_001,1,0,1,0,0,0,0
32736_1_E1_001,0,0,1,0,1,1,1
169077_2_0001,1,1,1,0,0,0,1
jqg8-7_8_001,0,1,1,0,0,0,0
19051_1_E1_001,1,1,1,0,0,0,0
26257_2_001,1,1,0,0,0,0,0
263060b2_y0001,0,1,1,0,1,0,1
irk0-1_1,0,1,1,0,0,0,0
96456_1_E2,1,1,1,0,0,0,1
162366_2_001,0,0,1,0,0,0,1
idp95107-1sm-cut-a_1_2_1,0,1,0,1,0,0,0
x4m-pk-plus.0001,0,1,0,0,0,0,0
133645_1_E1_00001,1,0,1,0,1,0,0
11504_3_001,0,1,0,0,0,0,1
81567_1_E2_001,0,1,1,1,0,0,1
xck3-10,0,1,0,0,0,0,0
kur4-6,0,0,0,0,0,1,0
1246HR_3_001,1,0,1,0,0,0,0
roi5-1,0,0,0,1,0,1,0
gw004-2b,0,1,0,0,0,0,0
64790_2,1,1,1,0,1,0,0
151759_1_E2_00001,1,0,1,0,1,0,0
188547_1_E1_001,0,1,0,0,0,0,1
171934_2_001,1,0,0,0,0,1,0
12c21p2_4_001,0,0,1,0,0,0,0
192464_1_E1_00001,1,0,1,0,1,0,0
180723_1_00001,0,0,1,0,1,1,0
100666_2_001,0,1,0,0,0,0,0
169771_1_E1_001,0,1,0,0,0,0,0
34621_1_E2,0,1,0,0,0,0,0
91610_2_001,1,1,1,0,0,0,0
8591_4_001,0,0,0,0,0,0,0
e6_9.0501,1,1,1,0,0,0,0
117367_1_E1_001,1,1,1,0,0,0,0
IDP05410-4,1,1,0,0,0,1,0
10175_2_001,0,0,0,0,0,1,0
47595_2_001,1,0,1,1,0,0,0
113277_2_E1_001,0,1,1,0,0,0,1
IDP1765_PK.0001,1,1,0,0,1,0,0
165284_2_0001,0,1,1,0,0,0,0
55408_2_001,1,1,1,0,0,0,0
150702_1_E1_0001,0,1,0,0,0,0,0
10181_1_001,0,1,0,0,0,0,0
53083_2_E1_001,1,1,0,0,0,0,0
175120_2_00001,1,1,1,0,0,0,0
IDP05262M3B3_PKa.0001,0,1,0,0,0,0,0
bbt8-3,0,0,0,0,0,1,0
27032_1_E2_001,0,1,1,0,0,1,0
30215_1_E2,1,1,1,0,0,0,0
37523_1_E1_001,1,0,1,0,0,0,0
205979_1_E1_00001,0,0,1,0,0,0,0
63506_1_E2,0,1,1,0,0,0,0
132092_2_00001,1,0,1,0,1,0,0
NAD-srC1suc.0001,0,0,0,0,0,1,1
60576_1_E2_001,1,1,0,0,0,0,1
ANT_7HTmethyl_xtal1_1_0001,0,0,1,0,0,0,0
16430_1_E1_001,0,1,1,0,0,0,1
113239_1_E1_001,0,1,1,0,0,0,0
123595_2_001,1,1,0,0,0,0,0
112306_1_E1_001,0,0,1,1,0,0,0
91629_1_E2_001,0,1,1,0,0,0,1
34325_1_E2_001,0,1,0,0,0,0,0
159940_1_E1_00001,0,0,0,0,0,0,0
obr5-7,0,1,0,1,0,0,0
173195_2_00001,1,1,1,0,1,0,0
36121_2_001,1,0,1,0,0,0,0
ecq0-5,0,1,0,0,0,0,0
25129_1_001,1,0,1,0,0,0,0
pzu9-6_1_001,0,1,1,0,0,0,0
qnf2-9,0,1,0,1,0,0,0
107066_1_E2_001,0,1,1,0,0,0,1
JY4010001,0,0,1,0,0,0,0
idp90163i,1,1,0,0,0,0,0
167255_1_E1_0001,1,0,1,0,0,0,0
112290_2_001,1,0,1,0,0,0,0
267315h1_x0001,0,1,0,0,0,0,0
7275_3_001,1,1,0,0,0,0,0
kam_3_3_s2,0,1,0,0,0,0,0
anomalous_IDP04293-1,0,1,0,0,0,1,0
253960h9_hr_y0001,1,1,1,0,1,0,0
117274_1_E1_001,1,1,1,0,0,0,0
200046_1_00001,0,1,1,0,0,0,0
idp1254t,0,0,0,0,0,1,0
248957d5_hr_x0001,0,1,0,0,1,1,0
88650_2_001,1,0,1,0,0,0,1
11014_2_001,1,0,1,0,0,0,0
185823_2_001,1,0,0,0,0,0,1
173274_1_00001,1,0,1,0,1,0,0
lmr5-1,1,1,0,0,0,0,0
19092_1_E2_001,1,0,0,0,0,1,1
190798_1_00001,1,1,1,0,1,0,0
89078_1_E2_001,1,1,1,0,0,0,1
151759_4_00001,1,0,1,0,1,0,0
39246_1_E2_001,1,1,1,0,0,0,0
200401_102_PLP_M2_H4_data2.0001,0,1,0,0,0,0,0
157217_1_E1_0001,0,1,1,0,0,0,0
153223_1_E1_0001,1,0,1,0,0,0,0
147192_1_E2_0001,0,1,1,0,0,0,1
27025_2_001,0,1,1,0,0,0,1
100298_0_E2_001,1,1,0,0,0,0,0
IDP95667-3_000001,0,1,1,0,0,0,0
62506_2_001,0,0,0,0,0,0,1
91156_2_001,1,0,1,0,0,1,0
97429_1_E1,0,1,0,0,0,0,1
195015_1_E1_00001,1,1,1,0,1,0,0
15642_2_001,1,0,1,0,0,0,0
189701_2_001,1,1,0,0,0,0,1
56355_1_001,1,0,1,0,0,0,0
152847_1_0001,1,0,1,0,0,0,0
ekd3-3,0,1,0,1,0,0,0
idp90570-n2_B,1,1,0,0,0,0,0
185723_2_001,0,1,0,0,0,0,1
puck34-2_13,0,1,0,0,0,0,0
90419_3_001,1,0,1,0,0,0,1
187252_1_001,1,1,1,0,0,0,1
153348_1_E1_0001,1,0,1,0,0,0,0
138148_1_E2_0001,0,1,1,0,0,0,1
35256_2,1,0,0,0,0,0,0
19466_1_E1_001,0,1,0,0,0,0,0
163446_2_0001,0,1,0,0,0,0,0
143138_1_E1_0001,1,0,0,0,0,0,0
ESR0-7_1_001,0,0,0,1,0,1,0
fuw7-9,0,1,0,0,0,0,0
1100-6_B,0,1,0,0,0,0,0
va-3-3_f,1,1,0,0,0,0,0
Mtb_trp_addG1_eg_Ser_data_00000,0,1,1,0,0,0,0
66873_2_001,1,1,1,0,0,0,0
159700_2_0001,0,1,0,0,0,0,1
IDP90793E7_PKa.0001,0,1,1,0,0,0,0
109125_1_E2_001,1,0,1,0,0,0,0
170434_1_E2_001,0,0,0,0,0,1,0
50086_1_001,1,0,1,0,0,0,1
INDA4sucr-peak.0001,0,1,0,0,0,0,0
258195e1_y0001,1,1,1,0,1,0,0
183844_1_E1_00001,1,1,0,0,1,0,0
WKY6_11_1_001,0,1,0,0,0,0,0
tyra_heme9_3_001,0,1,0,0,0,0,0
168206_1_E1_0001,1,1,1,0,0,0,0
199091_2_001,1,1,0,0,0,0,0
25c22p3_1_E2_001,0,0,0,0,0,0,0
40245_1_E1_001,0,1,1,0,0,0,0
248067c1_x0001,1,0,1,0,0,0,0
idp00355c,1,0,0,0,0,1,0
81932_1_001,1,1,0,0,0,0,0
IDP91967-3b,0,0,1,0,0,0,0
rmz1-14_1_001,0,1,1,0,0,0,0
TgOAT-oxy-con-105-c_1_3_10,0,1,0,0,0,0,0
123621_1_E1_001,1,0,1,0,0,0,0
rhw0-7,0,1,0,1,0,0,0
138499_1_E1_0001,0,1,0,0,0,0,0
37842_1_E1_001,0,1,0,0,0,0,0
9629_3_001,1,1,1,0,0,0,0
K16_ok2,0,0,0,0,0,0,0
121474_1_001,0,1,1,0,0,0,0
115442_1_E1_001,0,0,1,0,0,0,0
idp00629_3QJG.0301,0,1,0,0,0,0,0
Z28928862nat2_13Jul16_collect_0001,0,0,1,0,1,0,0
NADPINDG2gly.0001,0,0,1,0,0,0,0
114518_1_E2_001,1,1,1,0,0,0,1
161645_1_E2_001,1,1,0,0,0,0,0
11785_5_E1_001,0,0,0,0,0,0,0
cps-044-7_1_001,0,1,0,0,0,0,0
108765_1_001,1,1,1,0,0,0,0
IDP05184Mut3_B.0001,1,1,0,0,1,0,0
106730_1_E2_001,1,1,0,0,0,0,1
17403_1_001,0,1,1,0,0,0,1
unk-6a,1,0,0,1,0,1,0
idp00699a,0,0,0,0,0,1,0
10584_4_001,0,1,0,0,0,0,0
165832_1_E1_0001,0,0,0,0,1,0,1
puck-031-16_16_001,0,1,1,0,0,0,0
84799_1_E1_001,0,1,1,0,0,0,0
156406_1_E2_0001,1,0,1,0,0,0,0
idp90574-3,1,1,0,0,0,0,0
Miko1-2_s,1,1,0,0,0,0,0
omx7-10,1,1,0,0,0,0,0
2997_3_001,0,1,1,0,0,0,0
192464_1_E2_00001,1,0,1,0,1,0,0
T1855_5_001,0,0,0,0,0,0,0
151759_1_E1_00001,1,0,1,0,1,0,0
14867_2_E2_001,1,0,1,0,0,0,0
134567_1_0001,0,1,1,1,0,0,0
021705_cut_c1c_2_0001,0,0,1,0,0,1,0
73086_1_E2_001,0,1,0,0,0,0,1
k6_1_1,1,1,0,0,0,0,0
act6-6_7_001,0,1,1,0,0,0,0
idp01826k,1,1,0,0,0,1,0
159940_1_E2_00001,0,0,1,0,0,0,0
138595_2_0001,1,0,1,0,0,0,0
88089_1_E2_001,0,0,1,0,0,0,0
21c1p1_2_E1_001,0,1,0,0,0,0,0
CUX9-8_1_001,0,1,1,0,0,0,0
T2399_1_001,0,1,1,0,0,0,1
75004_1_E1_001,1,0,1,0,0,0,0
189682_1_E1_001,1,0,1,0,0,0,1
64991_2_E2,0,1,1,1,0,0,0
121786_1_E2_001,0,1,1,1,0,0,1
O8K746-13_7_001,0,1,0,0,0,0,0
205979_1_E2_00001,0,0,1,0,0,0,0
165956_2_0001,1,0,1,0,1,0,1
186992_1_E1_001,0,0,0,0,0,1,1
kam_16_4,0,1,0,1,0,0,0
189701_1_E2_001,1,1,0,0,0,0,1
96990_2,0,0,0,0,0,0,0
102992_1_001,0,1,1,0,0,0,0
51538_1_E1_001,0,1,1,0,0,0,0
nui1-7_1_001,1,1,1,0,0,0,0
BAS4233_dGTPV8_5a,0,1,0,1,0,0,0
17135_1_001,1,0,1,0,0,0,0
30723_1_E2,1,1,0,0,0,0,0
idp01793_3QDN.0001,0,1,0,0,0,0,0
FAJ3-2_1_001,0,1,0,1,1,0,0
133659_1_E1_001,1,1,1,0,0,0,1
98553_2_001,0,1,1,1,0,0,0
174571_1_E1_00001,1,0,1,0,0,0,0
yup6-2_13_001,0,1,1,1,1,0,1
177797_1_E2_00001,0,0,1,0,0,0,0
12316_3_E2_001,1,1,0,1,0,0,0
107366_1_E1_001,1,1,1,0,0,0,0
157568_1_E2_0001,1,0,1,0,0,0,0
45453_1_E2_001,1,0,1,0,0,0,0
27006_1_E1_001,1,0,1,0,0,0,1
34856_1_E2_001,0,1,1,0,0,0,0
133645_1_E2_00001,1,0,1,0,1,0,0
24-d30-2.0001,0,1,1,0,0,0,0
70093_2_001,1,1,1,0,0,0,0
169745_1_E2_001,0,1,0,0,0,0,0
93328_2_E1_001,1,0,1,0,0,0,0
34502_2_001,1,0,1,0,0,0,0
93400_1_E2_001,1,1,0,0,0,0,0
114256_1_E1_001,0,1,0,0,0,1,1
c1a-peak.0001,0,1,1,0,0,0,0
idp90750b,1,1,0,0,0,1,0
x1-high2.0001,0,1,1,1,0,0,0
IDP00499_3IIE.0001,0,1,0,0,0,0,0
11c10p1_3_E3_001,1,1,1,0,1,0,0
014307_P9_9_1_0001,0,0,1,0,1,0,0
63581_2,1,0,1,0,0,0,0
27221_1_E1_001,1,0,1,0,0,0,1
138853_1_E1_0001,1,1,1,0,0,0,1
222975b2_x0001,0,1,1,0,0,0,0
267396e8_x0001,0,1,1,0,1,0,0
x_lp_data.0001,0,1,1,1,0,0,0
hok2-8,0,1,0,0,0,0,0
104207_1_001,1,0,1,0,0,0,1
84354_3_E1_001,0,1,1,0,0,0,1
sbc1-4_1_001,0,1,0,0,0,0,0
183844_1_E2_00001,1,1,1,0,1,0,0
apc103202b,1,0,0,1,0,1,0
140722_1_E1_0001,0,1,0,0,0,0,0
rgd7-9,0,1,0,0,0,0,0
24776_1_E1_001,0,1,0,1,0,1,0
152725_1_E1_0001,1,0,1,0,0,0,0
opt-i56c1-peak.0001,1,1,0,0,0,0,0
199091_1_E1_001,1,1,0,0,0,0,0
idp02095-2_B,0,1,0,0,0,0,0
204563g1_x0001,1,0,1,0,1,0,0
68112_3_E1_001,1,1,0,0,0,0,0
125796_2_001,0,1,1,0,0,0,0
IDP02525_I12_4_1_0001,1,1,0,0,0,0,0
12847_4_001,0,1,1,0,0,0,0
20077_1_E2_001,1,0,1,0,0,0,0
69423_1_E2_001,0,0,1,0,0,0,0
85600_1_E1_001,1,0,1,0,0,0,0
57375_1_E2_001,1,0,1,0,0,0,0
253960h9_x0001,1,1,1,0,0,0,0
p1_2_001,1,1,0,0,0,0,0
7670_2_001,0,0,0,0,0,0,0
107586_1_001,0,1,0,0,0,0,1
168639_1_0001,0,0,1,0,1,0,1
204838_2_00001,1,0,1,0,1,0,0
48960_2_001,1,0,0,0,0,0,0
9168_1_E2_001,0,0,0,1,0,0,1
6057_2_001,0,1,0,0,0,0,0
120482_1_E1_001,1,0,1,0,0,0,1
106933_3_001,0,1,0,0,0,0,0
183844_2_00001,1,1,0,0,1,0,0
236958a4_hr_x0001,0,1,1,0,0,0,0
oth0479_1_low.0001,0,1,0,0,0,0,0
58652_2,1,0,1,0,0,0,0
XZ2_set,0,1,0,0,0,0,0
GBAA2526-1,0,1,0,0,0,0,0
217343a5_bx0001,0,1,0,0,0,0,0
52594_1_E1_001,0,0,1,0,0,0,1
idp02329-10,0,1,0,0,0,0,0
173274_2_00001,1,0,1,0,1,0,0
172196_3_00001,1,1,1,0,1,0,0
157217_2_0001,0,1,1,0,0,0,0
62235_2_001,1,0,0,0,0,0,1
200046_2_00001,0,0,1,0,0,1,0
217001d11_x0001,0,0,1,0,1,0,0
138630_1_E1_0011,0,1,0,0,0,0,0
76975_2_001,0,1,1,0,0,0,1
x1_rm_1_001,0,1,0,1,0,0,0
185601_1_E1_001,0,1,1,0,0,0,1
215197f2_2_E1_0001,0,1,1,0,0,0,0
168260_1_00001,0,1,0,1,0,0,0
114_M2_A4_high.0001,0,1,0,0,0,0,0
55002_1_E1_001,1,1,1,0,0,0,0
122870_1_E1_001,1,0,1,0,0,0,0
jbo5-14_4,0,1,1,1,0,0,0
107767_1_E2_001,1,0,1,0,0,0,1
37043_2_001,0,1,1,0,0,0,1
15959_1_E1_001,0,1,1,0,0,0,0
91965_2_001,1,0,1,0,0,0,1
puck38-14_1_001,1,1,0,0,0,0,0
xh7.0001,0,1,1,0,0,0,0
172990_1_E2_0001,1,0,1,0,0,0,0
20044_3_E2,0,0,0,0,0,0,1
195051_2_00001,0,0,1,0,1,0,0
195015_1_E2_00001,1,1,1,0,1,0,0
a1d2-2peak.0001,0,1,0,0,0,0,0
mvo0-5,1,1,0,0,0,0,0
28097_17_E2_001,1,1,1,0,0,0,0
tm1347_mpd_1_001,1,1,0,1,0,0,0
269072d10_x0001,0,1,1,0,1,0,0
100498_1_E2_001,0,1,1,1,0,0,0
134041_1_E2_001,1,0,0,0,0,0,1
VLP-8-7_1_001,0,1,0,0,0,0,0
190798_2_00001,0,1,1,0,1,0,0
B4_1_E2_0001,0,0,1,0,0,1,0
idp01943-n1_B,1,1,0,0,0,0,0
264490e5_z0001,0,1,1,0,1,0,0
56183_3_001,1,1,0,0,0,0,0
sm4c12-1peak1.0001,0,0,0,0,0,0,0
103051_1_E2_001,0,0,1,0,0,0,1
data-1.0001,0,1,1,0,0,0,0
225749g7_y0001,0,0,1,0,1,0,0
47739_1_E2_001,1,0,0,0,0,1,0
62235_1_E1_001,1,0,0,0,0,0,0
9664high_2_001,0,0,0,0,0,0,0
IDP01143-2,0,1,0,0,0,0,0
108263_2_001,1,1,0,0,0,0,0
idp00816b,0,0,0,1,0,1,0
idp00118-1_2,0,1,0,0,0,0,0
91743_1_001,1,0,0,0,0,0,0
p1_1_E2_001,0,1,0,0,0,0,1
xtal4-peg2-4c-x1.0001,0,1,1,1,0,0,0
p3_f1.0001,0,1,0,0,0,0,0
MEMMCSG4F9eg-peak.0001,0,1,0,0,0,0,0
idp90523_3Q10.0001,0,1,0,0,0,0,0
199437_1_E2_001,1,1,0,0,0,0,1
sMAT_Eth_6,0,1,0,0,0,0,0
36580_1_E1_001,1,0,1,0,0,0,0
778_M1_F4_low.0001,0,0,0,0,0,0,0
giy4-10,1,1,0,0,0,0,0
93328_1_E2_001,1,0,1,0,0,0,1
12217_1_E1_001,0,0,0,0,0,0,0
177797_3_00001,0,0,1,0,1,0,0
230508b11_z_0001,0,1,1,0,0,0,0
IEO-2_1_1_001,1,1,1,0,0,0,0
20594_1_001,0,1,0,0,0,0,0
159473_2_0001,0,1,1,0,0,0,1
152803_1_E2_0001,1,0,1,0,0,0,0
17328_2_001,0,1,1,0,0,0,1
92036_2_001,0,1,1,0,0,0,0
yum7-6,0,1,0,0,0,0,0
29762_1_E2_001,1,1,1,0,0,0,0
110519_1_E1_001,1,1,0,0,0,0,0
rutr-e,0,1,0,0,0,0,0
115327_1_E2_001,1,0,1,0,0,0,1
135427_3_0001,1,1,1,0,0,0,0
idp5078.2a,0,1,1,0,0,1,0
148814_2_0001,1,0,1,0,0,0,0
155471_1_0001,1,0,1,0,0,0,1
idp04364_4x3z.0001,0,1,0,0,0,0,1
126079_1_E1_001,1,0,1,0,0,0,0
234283b5_x0001,0,0,1,0,0,0,0
144187_2_0001,1,1,0,0,0,0,0
34601_1_E2,0,1,0,0,0,0,0
15413_1_E1_001,1,1,1,0,0,0,0
153709_1_E2_0001,0,0,0,0,0,1,0
64132_1_E1,0,1,0,1,0,0,0
126486_2_001,1,1,0,0,0,0,0
IDP01631-4,0,0,0,1,0,1,0
116578_1_001,1,1,1,0,0,0,0
2204_M2_E5_peak.0001,0,1,1,0,0,0,0
idp00945,0,1,0,0,0,0,0
rrn3-1,0,1,0,1,0,0,0
ujc0_1_1_001,1,1,0,0,0,0,0
vbd7-5,0,1,0,1,0,0,0
idp90682-n1_B,0,1,0,0,0,0,0
3ga7_stm490-2,0,1,0,0,0,0,0
xtal8,1,1,0,0,0,0,0
idp05041a,1,1,1,0,0,0,0
IDP05583Cwell5_INa.0001,0,1,0,0,0,0,1
bdu3-7,0,1,0,0,0,0,0
dcb11-16_1_001,0,1,1,0,0,0,0
94154_1_E1,0,1,0,1,0,0,1
141691_2_00001,1,1,0,0,0,0,0
235587d4_x0001,1,0,1,0,0,0,0
31277_1_E3_001,1,0,1,0,0,0,1
126176_1_E2_001,1,1,0,0,0,0,0
178973_1_00001,0,0,1,0,1,0,0
259821a10_y0001,0,0,1,0,1,0,0
86868_1_E2_001,1,0,1,0,0,0,0
26303_1_E2_001,1,1,1,0,0,0,1
21c1p1_1_E2_001,0,1,0,0,0,0,0
121974_1_E2_001,1,0,1,0,0,0,1
23c28p2_1_E1_001,0,0,0,0,0,0,0
58652_1_E2,1,0,0,0,0,0,0
CDI29_ProC_B8_peg_data2.0001,0,0,0,0,0,1,0
18914_2,1,1,1,0,0,0,0
21204_1_E2_001,0,0,1,0,0,0,0
STAH0001-1_B,0,1,0,0,0,0,0
kur4-4b,0,1,0,1,0,0,0
248957d5_hr_aa0001,0,0,1,0,0,1,1
201927_1_E1_00001,0,1,1,0,1,0,1
138569_1_E2_0001,1,0,1,0,0,0,1
124690_1_E1_001,1,1,1,0,0,0,0
67384_1_E2_001,1,1,1,0,0,0,0
107112_2_E2_001,1,0,1,0,0,0,0
IDP92786-2,0,1,0,1,0,0,0
111705_M2_D4_data.0001,0,0,1,0,0,0,0
91113_1_001,1,0,1,0,0,0,0
157568_2_0001,1,0,0,0,0,0,0
38702_1_E1_001,1,0,1,0,0,0,0
96384_1_E1,1,0,1,0,0,0,0
ProlMut2_Mn_GP_Nat_1_00001,0,1,0,0,0,0,0
vmk5_7_1_001,0,1,0,0,0,0,0
120692_1_E2_001,0,1,1,0,0,0,1
T1023_6_001,0,1,0,0,0,0,0
31c69p3_1_001,1,1,0,0,0,0,0
41998_1_001,0,0,1,0,0,0,0
BetB22-b,0,1,0,0,0,0,0
49046_2_001,1,1,1,0,0,0,0
l4_u3.0001,0,1,0,1,0,0,0
idp95403-1,0,1,0,0,0,0,0
57076_1_E1_001,0,1,0,0,0,0,0
150799_1_E2_0001,1,0,1,0,0,0,1
67156_1_E2_001,1,0,1,0,0,0,0
77321_1_E2_001,1,0,1,0,0,0,0
11280_8_E2_001,0,1,1,0,0,0,0
93729_1_E2,0,1,0,0,0,0,1
134085_1_E1_0001,0,0,0,0,0,1,0
34719_2,0,0,0,0,0,0,0
125796_3_E2_001,1,1,1,0,0,0,0
166670_1_E2_0001,1,1,1,1,0,0,0
194949_1_E1_00001,1,1,1,0,1,0,0
xEs1_00000,0,1,0,1,0,0,0
sMAT_Met01,0,1,0,0,0,0,0
42386_1_E1_001,0,1,0,0,0,0,0
137302_1_E2_0001,1,0,1,0,0,0,0
18914_5,0,0,0,0,0,0,0
211970_2_00001,1,0,1,0,1,0,1
58458_2,0,1,0,1,0,0,0
90308_1_E2_001,1,1,1,0,0,0,0
idp91829-ACP-IEX-pk5-c,0,1,0,0,0,0,0
209884_1_00001,0,0,1,0,1,0,0
29733_4_E3_001,1,0,1,0,0,0,0
177823_1_00001,0,0,1,0,1,0,0
67156_2_001,1,0,1,0,0,0,0
97202_1_E1,0,0,0,0,0,0,0
zfd5-9,0,0,0,0,0,0,0
sacol_1320-2pk_A,0,0,0,0,0,0,0
1395_3_data.0001,0,0,0,0,0,0,0
96723_1_E2,0,0,0,0,0,0,0
84630_2_E1_001,0,0,0,0,0,0,0
rvz3-2,0,0,0,0,0,0,0
tlg6_6_1_001,0,0,0,0,0,0,0
38674_1_E2_001,0,0,0,0,0,0,0
167991_1_E1_0001,0,0,0,0,0,0,0
206692g7_Ba_x0001,0,0,0,0,0,0,0
IDP90996_PKa.0001,0,0,0,0,0,0,0
n4_4.0001,0,0,0,0,0,0,0
hgl9-9,0,1,0,0,0,0,0
195051_1_E1_00001,0,0,1,0,1,0,0
201544f9_0001,0,0,1,0,1,0,0
177797_2_E1_00001,0,0,1,0,1,0,0
207747_1_E1_001,1,0,0,0,0,0,1
180999_4_00001,0,0,1,0,0,0,0
ECH1071_collect_May24_2017_0001,0,0,1,0,0,0,0
T1823_1_E1_001,0,0,0,0,0,0,1
204838_1_E2_00001,1,1,1,0,1,0,0
dcb6-9_1_001,1,1,0,0,0,0,0
idp00418_4PV4.0001,0,1,0,0,0,0,0
xAs1.0221,0,1,0,0,0,0,0
10192_anneal_1_001,0,1,0,0,0,0,0
265800f4_yy0001,0,0,1,0,0,0,0
022848_katm_20_1_2_0001,0,0,0,0,0,0,0
epp4-1,1,1,0,1,0,0,0
24776_2_E2_001,0,0,0,0,0,1,0
apc5771_se3_inf.0001,1,0,1,0,0,0,0
IDP90687-1,0,1,0,0,0,0,0
yve3-3,1,1,0,1,0,0,0
39621_1_E2_001,1,0,1,0,0,0,0
285924g10_y0001,0,0,1,0,1,0,0
142507_2_0001,0,1,1,0,0,0,1
25662_1_E1_001,1,1,1,0,0,0,1
119905_1_E1_001,1,1,1,0,0,0,0
94590_3_E1,0,1,0,0,0,0,0
idp01634w,0,1,0,1,0,0,0
otj5-3,1,1,0,0,0,0,0
fxs-5-2_1_001,1,1,0,0,0,0,0
17c10p4_3_001,0,1,0,0,0,0,1
232983h5_x1001,0,1,1,0,0,0,0
74428_1_E2_001,0,1,1,0,0,0,0
idp01195b,0,1,0,0,0,0,0
m1b4eg2.0001,0,1,0,0,0,0,0
zxp4-9,0,1,0,0,0,0,0
109429_M2_G5_data.0001,0,0,0,0,0,1,0
126564_3_E2_001,0,1,0,0,0,0,0
95613_1_E2,0,1,0,0,1,0,1
139473_1_E1_0001,0,1,1,0,0,1,0
ngm5-1_001,0,0,1,0,0,1,0
34325_2_001,0,1,0,0,0,0,0
38566_1_001,1,0,1,0,0,0,0
idp92076a,0,0,0,1,0,0,0
172196_2_00001,0,1,1,0,1,0,0
FADANL2D3gly1-peak.0001,0,0,1,0,0,0,0
134833_1_E1_0001,1,1,1,1,0,0,0
sd6_4_001,1,1,1,0,0,0,0
102352_2_001,1,1,0,0,0,0,0
3c4p4_2_002,0,0,0,0,0,0,0
plt0-10,0,1,0,0,0,0,0
167516_1_E2_0001,1,1,1,0,0,0,0
135212_1_0001,1,1,1,0,0,0,0
12287_1_E2_001,0,1,0,0,1,0,0
non-anomalous_IDP00577-4b,0,1,0,0,0,1,0
205027_1_E2_00001,0,0,1,0,0,0,0
134318_1_E1_0001,1,1,1,0,0,0,1
167720_1_E2_0001,0,0,1,1,0,0,0
idp05674a,0,1,0,0,0,0,0
ProlWT_Mn_Pro100_pk_2_00001,0,0,1,0,1,0,0
rfy5_12_1_001,0,1,1,0,1,0,0
82888_1_E2_001,0,0,1,0,0,0,0
39863_1_E1_001,0,0,1,0,0,0,0
146092zn_1_E2_0001,0,1,0,0,0,0,0
IDP00044_ButCoAKan2_1_0001,1,1,0,0,0,1,0
zbq6-1_6_00001,0,1,0,1,0,0,0
137969_1_E1_0001,1,1,0,0,0,0,0
96895_2_001,1,0,1,0,0,0,0
16424_1_E2_001,0,1,1,0,0,0,1
62646_1_E2_001,0,1,0,0,0,0,0
19058_2_E2_001,1,0,1,0,0,0,1
12488_101_001,1,1,0,0,0,0,0
148367_2_0001,0,1,0,0,0,0,0
c5p1_1_001,0,0,0,0,0,1,0
atpnp-data-1.0001,0,1,0,0,0,0,0
55404_2_001,1,0,1,0,0,0,0
idp90789-1,1,1,0,0,0,0,0
174333_2_00001,1,0,1,0,0,0,0
acy5-8_8_001,1,1,0,1,0,0,0
Mg1_HisAp_M1_H7_low.0001,0,0,0,0,0,0,0
154505_1_E1_0001,1,0,1,0,0,0,1
70568_1_E1_1000,0,1,0,0,0,0,0
83131_1_E1_001,1,0,1,0,0,0,0
lxk2-1,0,1,0,1,0,0,0
idp1659-3_B,0,1,0,0,0,0,0
b2q1-peak.0001,1,1,0,0,0,0,0
48017_2_001,1,1,0,0,0,0,0
cps0243-3_2,0,1,0,0,0,0,0
64132_3,0,1,0,0,0,0,0
9177_1_001,0,1,0,1,0,0,0
157762_1_E2_0001,0,1,1,0,0,1,0
nlk7-1,0,1,0,0,0,0,0
T1570_1_1000,0,0,0,0,0,0,1
134818_1_E2_0001,1,0,1,0,0,0,1
187784_1_E2_001,1,0,1,0,0,1,1
197282_1_E2_00001,0,0,1,0,1,0,0
60211_2_001,1,1,0,0,0,0,1
285574g2_aa_0001,0,1,1,0,1,0,0
63506_2,0,1,1,0,0,0,0
22359_1_E1_001,0,0,1,0,0,0,0
IDP91778-6b,1,1,0,0,0,0,0
38347_1_E1_001,0,1,0,0,0,0,0
39278_1_E1_001,1,0,1,0,0,0,0
127535_1_E2_001,1,1,0,0,0,0,0
115496_2_001,0,0,0,0,0,1,0
17548_1_E2_001,1,1,0,0,0,1,0
20886_2_001,1,1,0,0,0,0,0
idp01616o,0,1,0,1,0,0,0
80884_1_E2_001,0,1,1,1,0,0,1
15758_2_001,1,0,1,0,0,0,0
126486_1_E2_001,1,1,0,0,0,0,0
217599g11_x0001,0,1,0,0,0,0,0
IDP02065-5_B,0,1,0,0,0,0,0
kyb3-5_3_001,0,1,1,0,0,0,1
9177_5_001,1,1,0,0,0,0,0
49797_1_E2_001,1,0,1,0,0,0,0
264490e5_y20001,0,1,1,0,1,0,0
149288_1_E2_0001,0,1,1,0,0,0,0
18058_4,1,1,0,0,0,0,0
22871_1_001,1,0,1,0,0,0,0
201470_1_E2_00001,0,1,0,0,0,0,0
iqo4-7_A,0,1,0,0,0,0,0
IDP91871-1,0,1,0,0,0,0,0
LMO3000-N1_B,0,1,0,1,0,0,0
94187_1,1,0,1,0,0,0,1
176779_1_E2_00001,0,0,1,0,1,0,0
81762_1_E2_001,0,1,0,0,0,0,0
32722_1_E2_001,1,1,0,0,0,0,0
46904_1_E1_001,1,0,1,0,0,0,1
IDP01423POP_B.0001,0,1,0,1,0,0,0
17190_2_001,0,1,1,0,0,0,0
169782_2_001,1,0,0,0,0,0,1
120448_2_001,1,0,1,0,0,0,1
38702_2_001,1,0,1,0,0,0,0
1325-capto-x1.0001,1,0,1,0,0,0,0
IDP04384-2,0,1,0,0,0,0,0
61537_1_E1_001,0,0,0,0,0,0,0
69730_1_001,0,0,1,0,0,0,0
93315_1_E1_001,0,1,1,0,0,0,1
53055_1_E2_001,1,0,1,0,0,0,1
235_001,0,0,1,0,0,1,0
34691_2,0,1,0,1,0,0,0
KDM4A_1,0,1,0,1,0,0,0
127503_1_E1_001,1,1,1,0,0,0,0
165550_1_0001,0,0,1,0,1,0,1
60897_2_001,0,1,0,1,0,0,0
186573_102_E1_001,1,0,1,0,0,0,1
m1h8eg.0001,0,0,1,0,0,0,0
xtal-1.0001,0,1,1,1,1,0,0
xtw7-7,1,1,0,1,0,0,0
194447_2_00001,0,0,1,0,1,0,0
yis5-4_6_001,0,1,0,1,0,0,0
123244_2_001,1,0,1,0,0,0,0
frv7-1_snap2,0,1,1,0,0,0,0
160596_1_E1_001,1,0,1,0,0,0,1
91286_1_E1_001,0,1,0,0,0,0,0
py405r1.0001,0,1,1,0,0,0,0
16990_1_001,1,1,1,0,0,0,1
86612_1_001,0,1,0,0,0,0,0
189596_1_E1_001,1,0,1,0,0,1,1
AOG4-11_2_001,1,0,0,0,0,0,0
155043_2_0001,1,0,1,0,0,0,1
34856_2_001,0,1,0,0,0,0,0
44074_1_E1_001,0,1,0,0,0,0,1
18058_3,1,0,1,0,0,1,0
31827_2_001,0,1,0,0,0,0,1
257767b1_x0001,0,0,1,0,0,1,0
IDP05257-3,0,1,0,1,0,0,0
229338F10_x0001,0,0,1,0,0,0,0
67243_1_E2_001,1,0,1,0,0,0,0
36656_1_E2_001,1,1,0,0,0,0,0
191165_1_E2_00001,1,0,1,0,1,0,0
40710_1_E1_001,1,0,1,0,0,0,0
298_M1_H4_peak.0001,0,1,0,1,0,0,0
194184_1_E1_00001,0,1,1,0,1,0,0
196345_1_E2_00001,0,1,1,0,1,0,0
8646_1_001,0,1,0,1,0,0,0
IDP00122_3cwc.0301,0,1,0,0,0,0,1
dzb0-7_4_001,1,1,1,0,0,0,0
102552_2_001,0,1,0,0,0,0,0
22315_2_001,0,0,0,0,0,1,0
211970_1_E2_00001,0,1,1,0,1,0,1
113032_1_001,0,1,1,0,0,0,1
tgj8-9a,0,1,0,1,0,0,0
014307_NY2_1_1_0001,0,1,0,0,0,0,0
IDP1813_INF.0001,0,0,1,0,0,0,0
127290_1_E2_001,1,1,0,0,0,0,0
172196_1_E2_00001,0,0,1,0,1,0,0
241574_001,0,0,1,1,0,0,0
183556_1_00001,1,0,1,0,1,0,0
40629_1_E1_001,1,0,1,0,0,0,0
57526_1,0,0,1,0,0,0,0
IDP90557_N3_1_0001,1,1,1,0,0,0,0
jmy3-4,0,1,0,0,0,0,0
20247_1_001,1,1,0,0,0,0,1
T2972_3_001,0,0,0,0,0,1,0
SA2904-N4_B,0,1,0,0,0,0,0
alt4-5,0,1,0,0,0,0,0
82309_1_001,1,0,1,0,0,0,0
106264_2_001,1,0,1,0,0,0,0
88650_1_E1_001,1,0,1,0,0,0,0
jcsg3-g3ge-2.0001,0,1,0,0,0,0,0
idp01818a,0,1,0,0,0,0,0
idp02542b,0,1,0,1,0,0,0
lwq9-7,0,1,0,0,0,0,0
xCs1_00000,0,1,1,0,0,0,0
122870_2_001,1,0,1,0,0,0,0
24756_1_E1_001,1,0,1,0,0,0,0
219733h12_x0001,0,1,0,0,1,0,0
125525_1_E1_001,1,0,1,0,0,0,0
130716_2_001,1,0,1,0,0,0,0
127801_2_001,1,0,1,0,0,0,0
eob8-7,0,1,0,1,0,0,0
PegH10-G1P-xtal3.0001,0,1,1,1,0,0,0
74661_1_E1_001,0,1,1,0,0,0,0
96895_1_E2_001,1,0,1,0,0,0,0
196603_1_E2_00001,0,0,1,0,1,0,0
idp90355-1,0,1,0,0,0,0,0
VLP-8-8_1_001,0,1,0,0,0,0,0
200993_2_00001,1,1,1,0,0,1,0
ProlWT_Mut0_nat_3_00001,0,1,0,0,0,0,0
263060g10_z0001,0,1,1,0,1,0,0
ESA_ESA_m_5_1_0001,0,1,0,0,0,0,0
hnk3-3_1_00001,1,0,1,0,0,0,0
102552_1_E2_001,1,1,0,0,0,0,0
1548_M4_D3_data.0001,0,1,0,0,0,0,0
idp91140d,0,1,1,0,0,0,0
141921_1_E2_0001,1,1,1,0,0,0,0
100676_1_E1_001,0,0,0,0,0,0,0
141691_1_E2_00001,1,1,0,0,0,0,0
60620_3_E1_001,1,1,0,0,0,0,0
202980_1_E2_00001,0,0,1,0,0,0,0
IDP05113-2lr,0,0,0,0,0,0,0
bvu3-5,0,1,0,0,0,0,0
syg9-1,0,1,0,0,0,0,0
97893_1_E2_001,1,1,1,0,0,0,0
26313_2_001,0,0,1,0,0,0,0
54183_2_001,1,0,1,0,0,0,0
idp90549_3O6D.0002,0,1,0,0,0,0,0
142756_2_0001,1,0,1,0,0,0,0
mcr7-1_1_001,0,0,0,0,0,0,0
112290_3_001,1,0,1,0,0,0,0
54025_1_E1_001,1,0,1,0,0,0,0
out0-7,0,1,0,0,0,0,0
119347_1_E1_001,1,1,0,1,0,0,0
106264_1_E2_001,1,0,1,0,0,0,0
163274_1_0001,0,0,1,0,0,0,1
188360_1_E1_00001,1,0,1,0,1,0,0
mly7-8_1_001,0,1,1,1,0,0,0
fhx0-10,1,1,0,0,0,0,0
200640_1_E1_00001,1,0,1,0,0,0,0
24523_1_E1_001,1,0,1,0,0,1,0
80110_1_E1_001,0,1,0,1,0,0,0
139798_1_E2_0001,1,0,1,0,0,0,1
11014_3_001,0,0,0,0,0,0,0
138595_1_E2_0001,1,0,1,0,0,0,0
000001d8_x0001,0,0,1,0,0,0,0
248957d5_hr_y0001,0,0,0,0,1,1,0
253311d1_z0001,0,0,1,0,0,0,0
13517_3_E1_001,1,1,0,0,0,0,1
o2_b21.0001,0,1,0,0,0,0,0
159769_1_E2_0001,0,1,0,0,0,0,0
253960h9_hr_x0001,1,1,1,0,1,0,0
idp91505a,1,1,0,0,0,0,0
idp90790_3Q3W.0401,0,1,0,0,0,0,0
7275_2_001,0,1,1,0,1,0,0
204454d9_05-10mki_x0001,0,1,1,0,0,0,0
13089_3_E2_001,0,0,0,0,0,0,0
10230_4_E1_001,1,1,0,0,0,0,0
ia6su-peak.0001,1,0,1,0,0,0,0
idp90277.a,1,1,0,0,0,0,0
IDP91988-2,0,1,0,1,0,0,0
x1_pk_1_001,0,1,0,0,0,0,0
167516_2_0001,1,0,1,0,0,0,0
217087d10_x0001,0,1,1,0,0,0,0
IDP04320C.0001,0,1,0,0,0,0,0
36632_1_E1_001,1,1,1,0,0,0,0
ozx5-6_high,0,1,0,1,0,0,0
57307_1_E2_001,1,0,1,0,0,0,0
idp91330sm-b,0,1,0,0,0,0,0
ixr1-8,0,1,0,0,0,0,0
149539_1_E3_0001,0,1,0,0,0,0,0
112971_1_E2_001,0,0,1,0,0,0,1
195458_1_E2_00001,0,0,1,0,1,0,0
IDP_ro_C6_2.0001,0,1,0,0,0,0,0
ijt8-1,0,1,0,1,0,0,0
fsu3-9,0,1,1,0,0,0,0
153147_1_E1_0001,1,1,0,0,0,0,1
m2c6g.0001,1,1,0,0,0,0,0
88267_1_001,1,0,1,0,0,0,0
THY28_DNA.0001,0,1,0,0,0,0,1
175120_1_E2_00001,1,0,1,0,0,0,0
15642_3_001,1,0,0,0,0,0,0
012132_NY32-6_1_0001,0,0,1,1,0,0,0
123353_2_001,1,0,1,0,0,0,0
gdy5-3,0,1,0,0,0,0,0
TgOAT-c11-a_1_3_10,0,1,0,0,0,0,0
15797_1_E2_001,1,1,0,0,0,0,0
166349_1_E1_0001,0,0,1,1,0,0,0
39863_2_E2_001,1,0,1,0,0,0,0
49271_1_E1_001,1,0,0,0,0,1,0
apc103223d,1,1,0,0,0,0,0
127427_1_E2_001,1,0,1,0,0,0,0
93593_1_E1,0,0,1,0,0,0,0
19456_3_E2_001,1,1,0,0,0,0,0
IDP01787-2_A,0,1,0,0,0,0,0
202980_0_E2_00001,0,0,1,0,0,0,0
119698_2_001,1,0,1,0,0,0,0
153147_2_0001,1,1,0,0,0,0,1
135840_1_E2_0001,0,1,0,1,0,0,1
103409_1_E1_001,1,1,0,0,0,0,0
105824_2_001,1,0,1,0,0,0,1
19058_1_E1_001,1,0,1,0,0,0,0
idp01611-3_A,0,1,0,0,0,0,0
IDP04035-1,0,1,0,0,0,1,0
258195e1_x0001,1,1,0,0,1,0,0
200607_2_00001,0,1,1,0,0,0,0
IDP05340-2,0,1,0,1,0,0,0
T4011_1_E2_001,0,0,1,0,0,0,1
IDP91778-6,1,1,0,0,0,0,0
24438_1_001,1,1,1,0,0,0,1
111979_2_001,0,1,1,0,0,0,0
58046_1,1,1,1,0,0,0,0
14791_1_E2_001,1,1,1,0,0,0,1
spine7_7test,0,1,0,1,0,0,0
mjo7_11_1_001,1,1,0,0,0,0,0
85644_1_E2_001,1,0,1,0,0,0,0
217291h3b_x0301,0,0,1,0,0,0,0
91049_1_E2_001,0,0,1,0,0,0,1
185869_1_001,1,0,1,0,0,0,1
IDP02729-1,0,1,0,0,0,0,0
122867_1_E2_001,0,1,1,0,0,0,0
IDP91191-11,0,0,0,0,0,0,0
61229_1_E2_001,1,0,0,0,0,0,1
179344_1_E1_00001,0,0,1,0,1,0,0
9629_2_001,1,1,0,0,0,0,0
36330_1_001,0,1,1,1,0,0,0
3787_1_E1_001,0,1,0,0,0,0,0
150981_3_E1_0001,1,0,1,0,0,0,0
1246_1_E2_001,1,1,0,0,0,0,1
146826_2_0001,1,0,1,0,0,0,1
271705c8_x_0001,1,0,1,0,0,0,0
13c50p1_1_001,0,1,0,0,0,0,0
22317_1_E2_001,1,0,1,0,0,1,1
vmk5_10_1_001,0,0,0,0,0,1,0
23153_1_E1_001,1,0,1,0,0,0,1
44338_1_E1_001,1,0,1,0,0,0,1
uft3-4_collect,0,1,0,0,0,0,0
idp02082-n1_A,0,1,0,0,0,0,0
IDP01765Acomp.0001,0,1,1,0,0,0,1
66474_1_001,0,0,1,0,0,0,0
105616_1_E1_001,1,0,0,0,0,0,0
sacol_1320-2,0,1,0,0,0,0,0
138791_1_0001,0,0,1,0,0,0,1
290723a7_x_0001,0,1,1,0,0,0,0
55408_1_E2_001,1,1,1,1,0,0,0
wst7-6,0,1,0,0,0,0,0
if9e-peak.0001,0,1,0,0,0,0,0
46367_1_E1_001,1,0,1,0,0,0,1
g5-1g-peak1.0001,0,0,0,0,0,0,0
xBs2m.0001,0,1,0,0,0,0,0
58689_1_001,0,1,0,1,0,0,0
m3-g6-2.0001,0,1,1,0,0,0,0
93347_1_E1_001,1,1,1,0,0,0,1
98036_2_001,1,0,1,0,0,0,0
96481_1,0,1,0,0,0,0,0
170415_2_001,0,0,0,0,0,1,0
62646_2_001,0,1,0,0,0,0,0
115274_2_001,0,0,1,0,0,0,0
37173_2_001,1,0,1,0,0,0,0
wqa0-1_S,0,1,0,0,0,0,0
83548_1_E2_001,1,0,1,0,0,0,0
czx8-9,1,1,0,0,0,0,0
IDP1813_PK.0001,0,0,1,0,0,0,0
66462_1_E1_001,0,0,1,0,0,0,0
28143_18_001,0,0,1,0,0,0,0
156458_1_E1_0001,0,0,1,0,0,0,0
134804_2_0001,1,0,1,0,0,0,1
vmq0-6_001,1,1,0,0,0,0,0
gzd6-4,0,1,0,1,0,0,0
131821_1_E1_001,0,1,0,0,0,0,0
tlg6_9_1_001,0,1,1,0,0,0,0
176844_2_00001,0,0,1,0,1,0,0
117317_1_E1_001,1,0,0,0,0,0,0
142609_1_E2_0001,0,1,1,1,0,0,0
199073_1_E1_00001,0,0,1,0,0,1,0
210586_1_00001,1,0,1,0,1,0,0
IDP04364_4FO4.0001,1,1,0,0,0,0,0
139747_1_0001,0,1,0,0,0,0,1
41c4p4_2_001,1,0,0,0,0,0,0
idp91169c,1,1,0,0,0,0,0
idp02760-3_B,1,1,0,0,0,0,0
idp90771d,0,1,0,0,0,0,0
178368_1_00001,1,0,1,0,1,1,0
107059_1_E1_001,0,0,1,0,0,0,0
30589_1_E1,0,1,0,1,0,1,0
idp90645_3TSN.0001,0,1,0,0,0,0,0
24776_4_E1_001,1,0,0,0,0,0,0
15453_1_001,0,1,0,0,0,0,1
93729_4_E1,0,1,0,0,0,0,1
200893_1_E1_00001,1,0,1,0,0,0,0
mvx8-1,1,1,1,0,0,0,0
x3-sad.0001,0,1,1,0,0,0,0
ECK0725_hexanediol_Apr22_2016_0001,0,1,1,0,1,0,0
196379_1_E2_00001,0,1,1,0,1,0,0
169248_2_0001,1,0,1,0,0,0,0
112290_1_E1_001,1,0,1,0,0,0,0
200958_2_00001,1,0,1,0,0,0,0
140663_1_E1_0001,0,0,1,0,0,0,0
232847a8_y0001,1,0,1,0,0,0,0
136442_1_E2_0001,0,0,1,0,0,0,1
266003f3_x0001,0,1,1,0,1,0,0
12c21p2_1_001,0,0,1,0,0,0,0
x249641_2.0001,0,1,1,0,0,0,0
31113_1_E2_001,1,1,0,0,0,0,0
131372_1_001,1,1,1,0,0,0,1
151230_3_E1_0001,0,1,1,0,0,0,0
41002_1_001,1,0,1,0,0,0,0
37235_1_E2_001,1,0,1,0,0,0,0
133057_1_E2_0001,1,1,0,1,0,0,0
IMPPEGsIIC9gly-peak2.0001,0,1,0,0,0,0,0
028010_MP185_F6_3_A_1_0001,0,1,1,0,0,0,0
198727_1_E2_00001,0,0,1,0,0,0,0
117155_1_E2_001,0,1,0,0,0,0,0
APC234_Iy-102_1_0001,0,1,0,1,0,0,0
AccoGentam_19June15_n6_collect_0001,0,0,1,0,0,0,0
263060b2_x0001,0,1,1,0,0,0,0
8591_1_001,0,0,0,0,0,0,1
155793_2_0001,0,1,1,0,0,0,1
idp01616a,0,1,0,1,0,0,0
206341b1_NaI_soak_x0361,0,0,1,0,0,0,0
171934_3_001,1,0,0,0,0,1,0
176779_2_00001,0,0,1,0,1,0,0
85546_1_E1_001,1,1,0,0,0,0,0
inF3e-2.0001,0,1,0,0,0,0,0
IDP05133_INa.0001,0,1,0,1,0,0,0
153601_1_E2_0001,1,1,0,0,0,0,1
70941_1_E1_001,0,1,1,0,0,0,0
200402_105_PLP_M1_f1_data.0001,0,0,1,0,0,0,0
pdx4-1b,1,1,0,0,0,0,0
86688_1_001,0,0,1,0,0,1,0
186724_2_E1_001,1,1,1,0,0,0,1
206237_2_00001,1,1,1,0,1,0,1
101937_1_E1_001,1,1,0,0,0,0,0
10175_3_001,0,1,0,0,0,0,0
115685_1_E2_001,1,0,1,0,0,0,0
271TrpF_M4_C1_data.0001,0,0,1,0,0,0,0
121229_1_001,0,0,1,0,0,0,1
idp92610a,0,1,0,1,0,0,0
98291_2_E2_001,1,1,1,0,0,0,0
a1e10no-peak.0001,0,0,1,0,0,0,0
200198_2_00001,1,0,1,0,0,0,0
117317_2_001,1,0,0,0,0,0,0
57133_2_001,1,0,1,0,0,0,0
APC40666_crystal1_1_0001,0,1,0,0,0,0,0
146947_1_E2_0001,1,1,0,0,0,0,0
142609_2_0001,0,0,1,1,0,0,0
160507_1_E2_001,1,0,0,0,0,0,0
30913_1_E2,0,0,1,1,0,0,0
26230_1_E2_001,1,0,1,0,0,0,1
179100_2_00001,0,0,0,0,1,0,0
95957_1_E2,1,1,0,0,0,0,1
52052_1_E2_001,1,0,1,0,0,0,1
1285_M4_C4_data.0001,0,1,0,0,0,0,0
105718_2_E1_001,1,0,1,0,0,0,0
272533d12_scana_0001,0,0,1,0,1,0,0
9969_1_E1_001,0,1,0,0,0,0,0
96456_2,1,0,1,0,0,0,1
26800_1_001,0,0,1,0,0,0,1
63581_1_E2,1,0,1,0,0,0,0
48870_1_E2_001,1,0,1,0,0,0,0
idp00699-015-5,0,1,0,0,0,0,0
LPG76_x18_high.0001,0,1,0,1,0,0,0
xwx3-7,0,1,0,1,0,0,0
118551_1_E1_001,0,1,0,0,0,0,0
49919_2_001,1,0,1,0,0,0,0
53055_2_001,1,0,1,0,0,0,1
167778_2_0001,1,0,1,0,0,0,0
gdy5-4,0,0,0,1,0,0,0
150832_1_E2_0001,1,1,1,0,0,0,1
12972_1_E2_001,1,1,0,0,0,0,1
ggh9_7_1_225,0,0,1,0,0,0,0
bexo2_lowsalt_paratone_1_22Apr080001,0,1,1,0,0,0,0
jcp2-1,0,1,0,1,0,0,0
41487_1_E1_001,1,0,1,0,0,0,0
well-3-succinic_acid-low.0001,0,0,0,0,0,0,0
24776_5_001,0,0,0,0,0,1,1
set1_0001,0,0,1,0,1,0,0
202980_0_E1_00001,0,1,1,0,0,0,0
253960h9_y0001,1,1,1,0,0,0,0
AtS13,0,1,0,0,0,0,0
52009_2_001,1,1,1,0,0,0,1
56112_1_E1_001,1,1,1,0,0,0,0
152454_1_E2_0001,1,1,1,0,0,0,0
125907_1_E1_001,0,1,1,0,0,0,0
186871_2_001,1,1,0,0,0,0,1
p1_3_001,1,1,0,0,0,0,0
169874_1_001,1,0,1,0,0,0,0
1c2p1_1_001,1,0,0,0,0,0,0
unq2-8_6_00001,0,0,1,0,0,0,0
125543_1_E2_001,1,1,1,0,0,0,0
43620_1_E1_001,1,0,1,0,0,0,1
22315_1_E2_001,0,0,0,0,0,1,0
12847_5_001,0,1,0,0,0,0,1
xtal-C7-eg.0001,0,1,1,0,0,0,0
IDP91794-2,1,1,0,0,0,0,0
106933_2_001,0,1,1,0,0,0,0
267395e2_z0001,1,1,1,0,1,0,0
o0_b6.0001,1,1,0,0,0,0,0
xBs1m.0001,1,1,0,1,0,0,0
153752_1_E1_0001,1,0,1,0,0,0,1
tlg6_11_1_001,0,0,1,0,0,0,0
185801_3_E1_001,0,0,1,0,0,0,1
14c4p2_1_E1_001,1,1,0,0,1,0,0
170415_1_E2_001,0,0,0,0,0,1,0
KH7_4s,0,1,0,1,0,0,0
IDP04072-3,0,1,0,1,0,1,0
60655_1_E1_001,0,1,0,0,0,0,0
011884_KH.4.5_1_0001,0,0,1,1,0,0,0
IDP05410-4b,1,1,1,0,0,1,0
140569_2_0001,1,1,0,0,0,0,0
81258_2_001,1,1,1,0,0,0,0
96193_1_E1,1,1,0,0,0,0,1
179344_1_E2_00001,0,1,1,0,1,0,0
121183_1_E1_001,0,1,1,0,0,0,1
156999_1_E2_0001,1,0,1,0,0,0,0
144484_1_0001,1,1,1,0,0,0,1
111979_1_E2_001,0,1,0,0,0,0,0
A0751-183,0,1,0,0,0,0,0
qta2-7,0,1,0,0,0,0,0
136140_1_E1_0001,1,1,1,0,0,0,1
60444_1_E2_001,1,1,0,0,0,0,1
169745_2_001,0,1,0,0,0,0,0
IDP00203_c200903_3_2_0001,0,1,0,1,0,0,0
9O_17.0001,0,0,1,0,0,0,0
RutC_C19,0,1,0,1,0,0,0
186591_2_E2_001,1,0,1,0,0,0,1
20687_1_E1_001,1,1,1,0,0,0,0
200640_1_E2_00001,1,0,1,0,0,0,0
188360_1_E2_00001,1,0,1,0,1,0,0
152933_1_E1_0001,1,1,1,0,0,0,1
153709_2_0001,0,0,0,0,0,1,0
189682_2_001,1,0,1,0,0,0,1
137226_1_E1_0001,0,0,1,0,0,0,1
120448_1_E2_001,1,0,1,0,0,0,1
114518_2_001,1,1,1,0,0,0,1
HXV-11_1_001,0,1,0,0,0,0,0
49932_2_001,1,0,1,0,0,0,0
T1823_4_001,0,0,1,0,0,0,0
rhamnosemix4-d,1,1,0,0,0,0,0
T2998a_2_E1_001,0,0,0,0,0,0,0
105824_1_E2_001,1,0,1,0,0,0,1
60086_1_E2_001,1,0,0,0,0,0,0
195015_2_00001,1,1,1,0,1,0,0
43393_2_001,0,1,1,0,0,0,0
TK2-E4-x1.0001,0,1,1,0,0,0,0
79374_1_001,0,1,0,0,0,0,0
219594b8_x0001,1,0,1,0,1,0,0
168713_1_0361,1,0,1,0,1,0,1
373-3,1,1,0,1,0,0,0
286982c9_z_0001,0,1,1,0,1,0,0
175120_1_E1_00001,1,1,1,0,0,0,0
49967_1_E2_001,0,1,0,1,0,0,0
acy5-7_1_001,0,1,0,0,0,0,1
199758_1_E2_001,0,1,0,0,0,0,1
ny-znac-m3g6-2.0001,0,1,0,0,0,0,0
jra0-7,1,1,0,0,0,0,0
idp90515_3ULW.0001,0,0,0,0,0,1,0
20967_1_E1_001,0,1,0,0,0,0,0
130763_1_E1_001,0,1,1,1,0,0,0
51619_1_E2_001,1,0,1,0,0,0,0
195458_1_E1_00001,0,0,1,0,1,0,0
165231_3_0001,0,1,0,0,1,0,0
31029_1_E2,0,1,1,0,0,0,0
83194_1_E1_001,1,1,1,0,0,0,0
ekd3-10,0,1,0,0,0,0,0
253513f5_x0001,0,1,1,0,0,0,0
IDP91369-2,0,1,0,1,0,0,0
141784_1_0001,0,1,1,0,1,0,1
47812_1_E1_001,0,1,0,0,0,0,0
49797_2_001,1,0,1,0,0,0,0
88848_2_E1_001,1,1,1,0,0,0,0
159769_3_0001,0,1,0,0,0,0,1
91121_1_E2_001,0,0,1,0,0,1,0
169248_1_E1_0001,1,0,1,0,0,0,0
165065_3_0001,1,0,1,0,0,0,0
x239095.0001,0,1,0,1,0,0,0
a110-m4a3g.0001,0,1,0,0,0,0,1
137144_1_E2_0001,1,0,1,0,0,1,0
ga-2_4_001,0,1,0,1,0,0,0
16830_1_E1_001,0,0,1,0,0,0,1
89913_1_E1_001,0,1,1,0,0,0,0
92768_1_E2_001,1,0,1,0,0,0,1
28347_1_E1_001,0,0,1,0,0,0,1
107632_2_001,1,1,0,0,0,0,0
146507_1_E1_0001,1,0,1,0,0,0,0
26257_1_E1_001,0,1,0,0,0,0,1
djk5-2_1_001,0,1,0,0,0,0,0
135560_3_0001,1,1,0,0,0,0,1
IDP01610_3I1I.0001,0,0,0,0,0,0,0
TgOAT-c-a5_1_3_7,0,1,0,0,0,1,0
59460_1_E1_001,1,0,0,0,0,1,0
188027_1_001,1,1,0,0,0,0,1
IDP00832_c200903_1_1_0001,1,1,1,0,0,0,0
IDP04689-3,0,1,0,0,0,0,0
63766_1_E2,0,1,1,0,0,0,0
7612_1_001,0,1,0,1,0,0,0
idp05686.2a,1,1,0,0,0,0,0
idp951-2_A,0,1,0,0,0,0,0
2997_2_001,1,0,1,0,0,0,0
AMg1HisAp_M2_D11_CdRP_data.0001,0,0,1,0,0,0,1
T1855_4_001,0,0,0,0,0,0,0
21298_2_001,1,0,1,0,0,0,0
37043_1_E2_001,0,1,1,0,0,0,1
19100_2_001,0,1,0,0,0,0,0
177916_1_00001,1,1,1,0,1,0,0
18c14p3_1_001,1,0,1,0,0,0,0
85546_2_001,1,1,1,0,0,0,0
Prol_Mut4_Mn_GP_nat_1_00001,0,1,0,0,0,0,0
IDP5148_2_PKa.0001,0,1,0,1,0,0,0
55315_1_E1_001,0,0,0,1,0,1,0
179100_1_00001,0,0,1,0,1,0,1
idp02733_3Q88.0001,0,1,0,0,0,0,1
T1852_1_E1_001,0,0,0,0,0,1,0
40464_2_001,1,1,1,0,0,0,0
42703_1_E2_001,0,1,1,0,0,0,0
215574f10_x0001,1,1,1,0,1,0,0
233334f6_x1001,0,1,1,0,1,0,0
160722_2_0001,1,0,1,0,0,0,0
22317_2_001,1,0,1,0,0,1,1
105762_1_E2_001,1,0,1,0,0,0,1
n9l3v4_7_1_001,1,1,1,0,1,0,0
199073_1_E2_00001,0,0,1,0,0,1,0
176844_1_00001,0,0,1,0,1,0,0
27726_1_E1_001,1,0,1,0,1,0,0
13818_1_001,1,0,1,0,0,0,0
IDP91778-11b,0,1,0,0,0,0,0
34670_1_E2,0,0,0,0,1,1,0
115496_1_E1_001,1,0,1,0,0,1,0
xtal7_data.0001,1,1,0,0,0,0,0
32717_1_E1_001,1,0,1,0,1,0,1
rpc6-6,1,1,0,0,0,0,0
27025_1_E1_001,0,0,1,0,0,0,1
101937_2_001,1,1,0,0,0,0,0
169886_1_E2_001,1,0,0,0,0,0,1
a2f11e-peak.0001,0,1,0,1,0,0,1
12316_3_E3_001,1,1,0,1,0,0,0
73676_1_E1_001,0,0,1,0,0,0,1
148396_1_E2_0001,0,0,1,0,0,0,0
150853_1_E2_0001,0,1,0,0,0,0,1
13219_1_E1_001,1,0,1,0,1,0,0
IDP04364_4QQ3.0001,0,1,0,0,0,0,0
66375_1_E1,0,1,1,0,0,0,0
idp02733_3Q7I.0001,1,1,0,1,0,0,0
109533_1_E2_001,1,1,0,0,0,0,0
81155_3_E2_181,1,0,1,0,0,0,1
ProlMut5_MnGP_Nat_1_00001,0,1,0,0,0,0,0
90907_1_E1_001,1,0,1,0,0,0,0
198727_1_E1_00001,0,0,1,0,0,0,0
jra0-7b,1,1,0,0,0,0,0
11258_1_001,0,1,0,0,0,0,0
stm578-1_1_2_A,0,1,0,0,0,0,0
ztg0-3_2_001,0,1,0,0,0,0,0
117274_2_001,1,0,1,0,0,0,0
17059_1_E1_001,0,0,1,0,0,0,1
155793_1_E2_0001,0,1,1,0,0,0,1
196379_1_E1_00001,0,0,1,0,1,0,0
231245b4_x0001,0,0,1,0,0,1,0
108276_1_001,0,1,0,0,0,0,0
86292_1_E1_001,0,1,0,0,0,0,0
200893_1_E2_00001,1,0,1,0,1,0,0
11c10p1_3_E2_001,1,1,1,0,1,0,0
88760_2_001,1,1,0,0,0,0,0
idp91206a,1,0,0,0,0,1,0
55306_1_001,1,0,1,1,0,1,0
119761_2_001,0,1,1,0,1,0,1
vmk5_12_1_001,1,1,0,0,0,0,0
176779_1_E1_00001,0,0,1,0,1,0,0
152245_1_E1_0001,0,0,1,0,0,0,0
201470_1_E1_00001,0,0,0,0,0,0,0
IDP01948_It-103_1_0001,0,1,0,0,0,0,0
kzo2-10,1,1,0,1,0,0,0
sd6_1_001,1,0,1,0,0,0,0
126564_4_001,0,1,0,0,0,0,0
127124_2_001,1,0,1,0,0,0,0
20687_2_E2_001,1,0,1,0,0,0,1
Miko26-5_s,0,1,0,1,0,0,0
33900_1_001,0,0,1,0,0,0,0
61535_1_E1_001,1,1,0,0,0,0,1
7303_4_001,0,0,0,0,0,0,0
131435_1_E2_001,1,0,1,0,0,0,1
meu8-4,0,1,0,0,0,0,0
179344_2_00001,0,0,1,0,1,0,0
226935d6_x0001,1,0,1,0,0,0,0
81705_1_E1_001,1,0,1,0,0,0,0
T3B2X3_1_00001,0,1,1,0,1,0,1
97368_3,0,0,0,0,0,0,0
118234_1_E2_001,1,1,1,0,0,0,0
u1_01.0001,1,0,1,0,0,1,0
imp-m3f8e.0001,0,1,0,0,0,0,0
69696_1_001,1,0,1,0,0,0,0
NY_2_1_ok1,0,1,0,0,0,0,0
IDP02616_3LHQ.0001,0,1,0,0,0,0,0
idp90657e,1,1,0,0,0,0,0
156851_2_E1_0001,1,1,0,1,0,0,0
38657_1_E2_001,1,1,1,0,0,1,0
61016_2_001,1,1,0,0,0,0,0
156851_1_E2_0001,1,1,0,0,0,0,0
86868_2_001,1,0,1,0,0,0,0
44692_1_001,1,0,1,0,0,0,0
104955_1_E1_001,1,0,1,0,0,0,1
Pin15_1_001,0,0,0,0,0,0,0
44156_2_001,0,1,0,0,0,0,0
42703_2_001,1,0,1,0,0,0,0
196345_2_00001,0,1,1,0,1,0,0
kas6-2,0,1,1,0,0,0,0
88848_1_E2_001,1,1,1,0,0,0,0
29733_4_E2_001,1,1,1,1,0,0,0
idp90832_3R9U.0001,0,1,0,0,0,0,0
28347_2_001,0,0,1,0,0,0,1
104066_1_E2_001,1,1,1,0,0,0,1
32726_2_001,0,1,1,0,0,0,0
96698_1_E2,0,1,0,0,0,0,1
30615_1_E1,1,1,0,0,0,0,0
130763_2_001,0,1,1,0,0,0,1
118040_1_E2_001,1,0,1,0,0,0,0
116938_1_001,1,1,0,0,0,0,0
stm595-3_B,0,1,0,0,0,0,0
d30-amp-cd-m2b11-2.0001,1,1,1,0,0,0,0
91597_2_001,0,0,0,0,0,0,0
roi5-4_lowres,0,1,0,0,0,0,0
IDP01048-1,0,1,0,0,0,0,0
CUX9-4_1_001,1,1,0,0,0,0,0
46035_1_E2_001,1,0,1,0,0,0,1
160722_1_E2_0001,1,1,1,0,0,0,0
285924g10_x0001,1,0,1,0,1,0,0
76161_2_001,1,0,1,0,0,0,0
46035_2_001,1,0,1,0,1,0,0
218726f2_x0001,0,1,1,0,1,0,0
176318_2_00001,0,0,1,0,1,0,0
T1023_3_001,0,1,0,0,0,0,0
IDP93953-3,1,1,0,0,0,0,0
13498_1_E2_001,0,1,0,0,0,0,0
98553_1_E2_001,0,1,1,1,0,0,0
82007_4_E1_001,0,0,1,0,0,0,0
idp91538_4E4R.0301,0,1,1,0,0,0,0
11280_6_E2_001,0,1,1,0,0,0,0
ood3-11_4_001,0,0,1,0,1,0,1
197282_1_E1_00001,0,0,1,0,1,0,0
ipt0-16_10,0,1,0,1,0,0,0
253311d1_aa0001,0,0,1,0,0,0,0
56183_1_E2_001,0,0,1,0,0,0,0
114053_1_E1_001,1,1,0,0,0,0,1